[     537ms] [WARNING] WARN Infinite extent for field "date": [Infinity, -Infinity] @ http://localhost:8501/static/js/embed.B-c_4G7P.js:0
[     537ms] [WARNING] WARN Infinite extent for field "date": [Infinity, -Infinity] @ http://localhost:8501/static/js/embed.B-c_4G7P.js:0
[     542ms] [WARNING] WARN Infinite extent for field "date": [Infinity, -Infinity] @ http://localhost:8501/static/js/embed.B-c_4G7P.js:0
[     542ms] [WARNING] WARN Infinite extent for field "date": [Infinity, -Infinity] @ http://localhost:8501/static/js/embed.B-c_4G7P.js:0
[     542ms] [WARNING] WARN Infinite extent for field "date": [Infinity, -Infinity] @ http://localhost:8501/static/js/embed.B-c_4G7P.js:0
[     542ms] [WARNING] WARN Infinite extent for field "Brew Ratio": [Infinity, -Infinity] @ http://localhost:8501/static/js/embed.B-c_4G7P.js:0
[     542ms] [WARNING] WARN Infinite extent for field "Brew Ratio": [Infinity, -Infinity] @ http://localhost:8501/static/js/embed.B-c_4G7P.js:0
[     542ms] [WARNING] WARN Infinite extent for field "rolling_value": [Infinity, -Infinity] @ http://localhost:8501/static/js/embed.B-c_4G7P.js:0
[     544ms] [WARNING] WARN Infinite extent for field "date": [Infinity, -Infinity] @ http://localhost:8501/static/js/embed.B-c_4G7P.js:0
[     544ms] [WARNING] WARN Infinite extent for field "date": [Infinity, -Infinity] @ http://localhost:8501/static/js/embed.B-c_4G7P.js:0
[     544ms] [WARNING] WARN Infinite extent for field "brew_time": [Infinity, -Infinity] @ http://localhost:8501/static/js/embed.B-c_4G7P.js:0
[     544ms] [WARNING] WARN Infinite extent for field "brew_time": [Infinity, -Infinity] @ http://localhost:8501/static/js/embed.B-c_4G7P.js:0
[     547ms] [WARNING] WARN Infinite extent for field "date": [Infinity, -Infinity] @ http://localhost:8501/static/js/embed.B-c_4G7P.js:0
[     547ms] [WARNING] WARN Infinite extent for field "date": [Infinity, -Infinity] @ http://localhost:8501/static/js/embed.B-c_4G7P.js:0
[     547ms] [WARNING] WARN Infinite extent for field "date": [Infinity, -Infinity] @ http://localhost:8501/static/js/embed.B-c_4G7P.js:0
[     547ms] [WARNING] WARN Infinite extent for field "rating": [Infinity, -Infinity] @ http://localhost:8501/static/js/embed.B-c_4G7P.js:0
[     547ms] [WARNING] WARN Infinite extent for field "rating": [Infinity, -Infinity] @ http://localhost:8501/static/js/embed.B-c_4G7P.js:0
[     547ms] [WARNING] WARN Infinite extent for field "rolling_value": [Infinity, -Infinity] @ http://localhost:8501/static/js/embed.B-c_4G7P.js:0
[     550ms] [WARNING] WARN Infinite extent for field "date": [Infinity, -Infinity] @ http://localhost:8501/static/js/embed.B-c_4G7P.js:0
[     550ms] [WARNING] WARN Infinite extent for field "date": [Infinity, -Infinity] @ http://localhost:8501/static/js/embed.B-c_4G7P.js:0
[     550ms] [WARNING] WARN Infinite extent for field "grind_value": [Infinity, -Infinity] @ http://localhost:8501/static/js/embed.B-c_4G7P.js:0
[     550ms] [WARNING] WARN Infinite extent for field "grind_value": [Infinity, -Infinity] @ http://localhost:8501/static/js/embed.B-c_4G7P.js:0
[     552ms] [WARNING] WARN Infinite extent for field "Brew Ratio": [Infinity, -Infinity] @ http://localhost:8501/static/js/embed.B-c_4G7P.js:0
[    2709ms] [WARNING] WARN Infinite extent for field "date": [Infinity, -Infinity] @ http://localhost:8501/static/js/embed.B-c_4G7P.js:0
[    2709ms] [WARNING] WARN Infinite extent for field "date": [Infinity, -Infinity] @ http://localhost:8501/static/js/embed.B-c_4G7P.js:0
[    2712ms] [WARNING] WARN Infinite extent for field "date": [Infinity, -Infinity] @ http://localhost:8501/static/js/embed.B-c_4G7P.js:0
[    2712ms] [WARNING] WARN Infinite extent for field "date": [Infinity, -Infinity] @ http://localhost:8501/static/js/embed.B-c_4G7P.js:0
[    2712ms] [WARNING] WARN Infinite extent for field "date": [Infinity, -Infinity] @ http://localhost:8501/static/js/embed.B-c_4G7P.js:0
[    2712ms] [WARNING] WARN Infinite extent for field "Brew Ratio": [Infinity, -Infinity] @ http://localhost:8501/static/js/embed.B-c_4G7P.js:0
[    2712ms] [WARNING] WARN Infinite extent for field "Brew Ratio": [Infinity, -Infinity] @ http://localhost:8501/static/js/embed.B-c_4G7P.js:0
[    2712ms] [WARNING] WARN Infinite extent for field "rolling_value": [Infinity, -Infinity] @ http://localhost:8501/static/js/embed.B-c_4G7P.js:0
[    2714ms] [WARNING] WARN Infinite extent for field "date": [Infinity, -Infinity] @ http://localhost:8501/static/js/embed.B-c_4G7P.js:0
[    2714ms] [WARNING] WARN Infinite extent for field "date": [Infinity, -Infinity] @ http://localhost:8501/static/js/embed.B-c_4G7P.js:0
[    2714ms] [WARNING] WARN Infinite extent for field "brew_time": [Infinity, -Infinity] @ http://localhost:8501/static/js/embed.B-c_4G7P.js:0
[    2715ms] [WARNING] WARN Infinite extent for field "brew_time": [Infinity, -Infinity] @ http://localhost:8501/static/js/embed.B-c_4G7P.js:0
[    2717ms] [WARNING] WARN Infinite extent for field "date": [Infinity, -Infinity] @ http://localhost:8501/static/js/embed.B-c_4G7P.js:0
[    2717ms] [WARNING] WARN Infinite extent for field "date": [Infinity, -Infinity] @ http://localhost:8501/static/js/embed.B-c_4G7P.js:0
[    2717ms] [WARNING] WARN Infinite extent for field "date": [Infinity, -Infinity] @ http://localhost:8501/static/js/embed.B-c_4G7P.js:0
[    2717ms] [WARNING] WARN Infinite extent for field "rating": [Infinity, -Infinity] @ http://localhost:8501/static/js/embed.B-c_4G7P.js:0
[    2717ms] [WARNING] WARN Infinite extent for field "rating": [Infinity, -Infinity] @ http://localhost:8501/static/js/embed.B-c_4G7P.js:0
[    2717ms] [WARNING] WARN Infinite extent for field "rolling_value": [Infinity, -Infinity] @ http://localhost:8501/static/js/embed.B-c_4G7P.js:0
[    2719ms] [WARNING] WARN Infinite extent for field "date": [Infinity, -Infinity] @ http://localhost:8501/static/js/embed.B-c_4G7P.js:0
[    2719ms] [WARNING] WARN Infinite extent for field "date": [Infinity, -Infinity] @ http://localhost:8501/static/js/embed.B-c_4G7P.js:0
[    2719ms] [WARNING] WARN Infinite extent for field "grind_value": [Infinity, -Infinity] @ http://localhost:8501/static/js/embed.B-c_4G7P.js:0
[    2719ms] [WARNING] WARN Infinite extent for field "grind_value": [Infinity, -Infinity] @ http://localhost:8501/static/js/embed.B-c_4G7P.js:0
[    2721ms] [WARNING] WARN Infinite extent for field "Brew Ratio": [Infinity, -Infinity] @ http://localhost:8501/static/js/embed.B-c_4G7P.js:0
[   25434ms] [WARNING] WebSocket onclose @ http://localhost:8501/static/js/index.dkY5s53S.js:183
[   25451ms] [ERROR] Failed to load resource: net::ERR_CONNECTION_REFUSED @ http://localhost:8501/_stcore/health:0
[   25451ms] [ERROR] Failed to load resource: net::ERR_CONNECTION_REFUSED @ http://localhost:8501/_stcore/host-config:0
[   25553ms] [ERROR] Failed to load resource: net::ERR_CONNECTION_REFUSED @ http://localhost:8501/_stcore/health:0
[   25553ms] [ERROR] Failed to load resource: net::ERR_CONNECTION_REFUSED @ http://localhost:8501/_stcore/host-config:0
[   25792ms] [ERROR] Failed to load resource: net::ERR_CONNECTION_REFUSED @ http://localhost:8501/_stcore/health:0
[   25793ms] [ERROR] Failed to load resource: net::ERR_CONNECTION_REFUSED @ http://localhost:8501/_stcore/host-config:0
[   26153ms] [ERROR] Failed to load resource: net::ERR_CONNECTION_REFUSED @ http://localhost:8501/_stcore/health:0
[   26154ms] [ERROR] Failed to load resource: net::ERR_CONNECTION_REFUSED @ http://localhost:8501/_stcore/host-config:0
[   26938ms] [ERROR] Failed to load resource: net::ERR_CONNECTION_REFUSED @ http://localhost:8501/_stcore/health:0
[   26939ms] [ERROR] Failed to load resource: net::ERR_CONNECTION_REFUSED @ http://localhost:8501/_stcore/host-config:0
[   28716ms] [ERROR] Failed to load resource: net::ERR_CONNECTION_REFUSED @ http://localhost:8501/_stcore/health:0
[   28716ms] [ERROR] Client Error in reaching server endpoint - No response received when attempting to reach /_stcore/health @ http://localhost:8501/static/js/index.dkY5s53S.js:182
[   28716ms] [ERROR] Is Streamlit still running? If you accidentally stopped Streamlit, just restart it in your terminal: @ http://localhost:8501/static/js/index.dkY5s53S.js:187
[   28717ms] [ERROR] Failed to load resource: net::ERR_CONNECTION_REFUSED @ http://localhost:8501/_stcore/host-config:0
[   30721ms] [ERROR] Failed to load resource: net::ERR_CONNECTION_REFUSED @ http://localhost:8501/_stcore/health:0
[   30721ms] [ERROR] Client Error in reaching server endpoint - No response received when attempting to reach /_stcore/health @ http://localhost:8501/static/js/index.dkY5s53S.js:182
[   30721ms] [ERROR] Is Streamlit still running? If you accidentally stopped Streamlit, just restart it in your terminal: @ http://localhost:8501/static/js/index.dkY5s53S.js:187
[   30721ms] [ERROR] Failed to load resource: net::ERR_CONNECTION_REFUSED @ http://localhost:8501/_stcore/host-config:0
[   32724ms] [ERROR] Failed to load resource: net::ERR_CONNECTION_REFUSED @ http://localhost:8501/_stcore/health:0
[   32725ms] [ERROR] Client Error in reaching server endpoint - No response received when attempting to reach /_stcore/health @ http://localhost:8501/static/js/index.dkY5s53S.js:182
[   32725ms] [ERROR] Is Streamlit still running? If you accidentally stopped Streamlit, just restart it in your terminal: @ http://localhost:8501/static/js/index.dkY5s53S.js:187
[   32725ms] [ERROR] Failed to load resource: net::ERR_CONNECTION_REFUSED @ http://localhost:8501/_stcore/host-config:0
[   34729ms] [ERROR] Failed to load resource: net::ERR_CONNECTION_REFUSED @ http://localhost:8501/_stcore/health:0
[   34729ms] [ERROR] Client Error in reaching server endpoint - No response received when attempting to reach /_stcore/health @ http://localhost:8501/static/js/index.dkY5s53S.js:182
[   34729ms] [ERROR] Is Streamlit still running? If you accidentally stopped Streamlit, just restart it in your terminal: @ http://localhost:8501/static/js/index.dkY5s53S.js:187
[   34730ms] [ERROR] Failed to load resource: net::ERR_CONNECTION_REFUSED @ http://localhost:8501/_stcore/host-config:0
[   36734ms] [ERROR] Failed to load resource: net::ERR_CONNECTION_REFUSED @ http://localhost:8501/_stcore/health:0
[   36734ms] [ERROR] Client Error in reaching server endpoint - No response received when attempting to reach /_stcore/health @ http://localhost:8501/static/js/index.dkY5s53S.js:182
[   36734ms] [ERROR] Is Streamlit still running? If you accidentally stopped Streamlit, just restart it in your terminal: @ http://localhost:8501/static/js/index.dkY5s53S.js:187
[   36734ms] [ERROR] Failed to load resource: net::ERR_CONNECTION_REFUSED @ http://localhost:8501/_stcore/host-config:0
[   38738ms] [ERROR] Failed to load resource: net::ERR_CONNECTION_REFUSED @ http://localhost:8501/_stcore/health:0
[   38738ms] [ERROR] Client Error in reaching server endpoint - No response received when attempting to reach /_stcore/health @ http://localhost:8501/static/js/index.dkY5s53S.js:182
[   38739ms] [ERROR] Is Streamlit still running? If you accidentally stopped Streamlit, just restart it in your terminal: @ http://localhost:8501/static/js/index.dkY5s53S.js:187
[   38739ms] [ERROR] Failed to load resource: net::ERR_CONNECTION_REFUSED @ http://localhost:8501/_stcore/host-config:0
[   40743ms] [ERROR] Failed to load resource: net::ERR_CONNECTION_REFUSED @ http://localhost:8501/_stcore/health:0
[   40743ms] [ERROR] Client Error in reaching server endpoint - No response received when attempting to reach /_stcore/health @ http://localhost:8501/static/js/index.dkY5s53S.js:182
[   40744ms] [ERROR] Failed to load resource: net::ERR_CONNECTION_REFUSED @ http://localhost:8501/_stcore/host-config:0
[   42746ms] [ERROR] Failed to load resource: net::ERR_CONNECTION_REFUSED @ http://localhost:8501/_stcore/health:0
[   42746ms] [ERROR] Client Error in reaching server endpoint - No response received when attempting to reach /_stcore/health @ http://localhost:8501/static/js/index.dkY5s53S.js:182
[   42746ms] [ERROR] Failed to load resource: net::ERR_CONNECTION_REFUSED @ http://localhost:8501/_stcore/host-config:0
[   44749ms] [ERROR] Failed to load resource: net::ERR_CONNECTION_REFUSED @ http://localhost:8501/_stcore/health:0
[   44749ms] [ERROR] Client Error in reaching server endpoint - No response received when attempting to reach /_stcore/health @ http://localhost:8501/static/js/index.dkY5s53S.js:182
[   44749ms] [ERROR] Failed to load resource: net::ERR_CONNECTION_REFUSED @ http://localhost:8501/_stcore/host-config:0
[   46753ms] [ERROR] Failed to load resource: net::ERR_CONNECTION_REFUSED @ http://localhost:8501/_stcore/health:0
[   46753ms] [ERROR] Client Error in reaching server endpoint - No response received when attempting to reach /_stcore/health @ http://localhost:8501/static/js/index.dkY5s53S.js:182
[   46753ms] [ERROR] Failed to load resource: net::ERR_CONNECTION_REFUSED @ http://localhost:8501/_stcore/host-config:0
[   48757ms] [ERROR] Failed to load resource: net::ERR_CONNECTION_REFUSED @ http://localhost:8501/_stcore/health:0
[   48757ms] [ERROR] Client Error in reaching server endpoint - No response received when attempting to reach /_stcore/health @ http://localhost:8501/static/js/index.dkY5s53S.js:182
[   48757ms] [ERROR] Failed to load resource: net::ERR_CONNECTION_REFUSED @ http://localhost:8501/_stcore/host-config:0
[   50762ms] [ERROR] Failed to load resource: net::ERR_CONNECTION_REFUSED @ http://localhost:8501/_stcore/health:0
[   50762ms] [ERROR] Client Error in reaching server endpoint - No response received when attempting to reach /_stcore/health @ http://localhost:8501/static/js/index.dkY5s53S.js:182
[   50762ms] [ERROR] Failed to load resource: net::ERR_CONNECTION_REFUSED @ http://localhost:8501/_stcore/host-config:0
[   52767ms] [ERROR] Failed to load resource: net::ERR_CONNECTION_REFUSED @ http://localhost:8501/_stcore/host-config:0
[   52767ms] [ERROR] Client Error in reaching server endpoint - No response received when attempting to reach /_stcore/host-config @ http://localhost:8501/static/js/index.dkY5s53S.js:182
[   52768ms] [ERROR] Failed to load resource: net::ERR_CONNECTION_REFUSED @ http://localhost:8501/_stcore/health:0
[   54770ms] [ERROR] Failed to load resource: net::ERR_CONNECTION_REFUSED @ http://localhost:8501/_stcore/health:0
[   54770ms] [ERROR] Client Error in reaching server endpoint - No response received when attempting to reach /_stcore/health @ http://localhost:8501/static/js/index.dkY5s53S.js:182
[   54770ms] [ERROR] Failed to load resource: net::ERR_CONNECTION_REFUSED @ http://localhost:8501/_stcore/host-config:0
[   56775ms] [ERROR] Failed to load resource: net::ERR_CONNECTION_REFUSED @ http://localhost:8501/_stcore/health:0
[   56775ms] [ERROR] Client Error in reaching server endpoint - No response received when attempting to reach /_stcore/health @ http://localhost:8501/static/js/index.dkY5s53S.js:182
[   56775ms] [ERROR] Failed to load resource: net::ERR_CONNECTION_REFUSED @ http://localhost:8501/_stcore/host-config:0
[   58778ms] [ERROR] Failed to load resource: net::ERR_CONNECTION_REFUSED @ http://localhost:8501/_stcore/health:0
[   58778ms] [ERROR] Client Error in reaching server endpoint - No response received when attempting to reach /_stcore/health @ http://localhost:8501/static/js/index.dkY5s53S.js:182
[   58778ms] [ERROR] Failed to load resource: net::ERR_CONNECTION_REFUSED @ http://localhost:8501/_stcore/host-config:0
[   60782ms] [ERROR] Failed to load resource: net::ERR_CONNECTION_REFUSED @ http://localhost:8501/_stcore/health:0
[   60782ms] [ERROR] Client Error in reaching server endpoint - No response received when attempting to reach /_stcore/health @ http://localhost:8501/static/js/index.dkY5s53S.js:182
[   60782ms] [ERROR] Failed to load resource: net::ERR_CONNECTION_REFUSED @ http://localhost:8501/_stcore/host-config:0
[   62786ms] [ERROR] Failed to load resource: net::ERR_CONNECTION_REFUSED @ http://localhost:8501/_stcore/health:0
[   62787ms] [ERROR] Client Error in reaching server endpoint - No response received when attempting to reach /_stcore/health @ http://localhost:8501/static/js/index.dkY5s53S.js:182
[   62787ms] [ERROR] Failed to load resource: net::ERR_CONNECTION_REFUSED @ http://localhost:8501/_stcore/host-config:0
[   64792ms] [ERROR] Failed to load resource: net::ERR_CONNECTION_REFUSED @ http://localhost:8501/_stcore/health:0
[   64792ms] [ERROR] Client Error in reaching server endpoint - No response received when attempting to reach /_stcore/health @ http://localhost:8501/static/js/index.dkY5s53S.js:182
[   64792ms] [ERROR] Failed to load resource: net::ERR_CONNECTION_REFUSED @ http://localhost:8501/_stcore/host-config:0
[   66795ms] [ERROR] Failed to load resource: net::ERR_CONNECTION_REFUSED @ http://localhost:8501/_stcore/health:0
[   66795ms] [ERROR] Client Error in reaching server endpoint - No response received when attempting to reach /_stcore/health @ http://localhost:8501/static/js/index.dkY5s53S.js:182
[   66795ms] [ERROR] Failed to load resource: net::ERR_CONNECTION_REFUSED @ http://localhost:8501/_stcore/host-config:0
[   68801ms] [ERROR] Failed to load resource: net::ERR_CONNECTION_REFUSED @ http://localhost:8501/_stcore/health:0
[   68801ms] [ERROR] Client Error in reaching server endpoint - No response received when attempting to reach /_stcore/health @ http://localhost:8501/static/js/index.dkY5s53S.js:182
[   68802ms] [ERROR] Failed to load resource: net::ERR_CONNECTION_REFUSED @ http://localhost:8501/_stcore/host-config:0
[   70805ms] [ERROR] Failed to load resource: net::ERR_CONNECTION_REFUSED @ http://localhost:8501/_stcore/health:0
[   70805ms] [ERROR] Client Error in reaching server endpoint - No response received when attempting to reach /_stcore/health @ http://localhost:8501/static/js/index.dkY5s53S.js:182
[   70805ms] [ERROR] Failed to load resource: net::ERR_CONNECTION_REFUSED @ http://localhost:8501/_stcore/host-config:0
[   72809ms] [ERROR] Failed to load resource: net::ERR_CONNECTION_REFUSED @ http://localhost:8501/_stcore/health:0
[   72810ms] [ERROR] Client Error in reaching server endpoint - No response received when attempting to reach /_stcore/health @ http://localhost:8501/static/js/index.dkY5s53S.js:182
[   72811ms] [ERROR] Failed to load resource: net::ERR_CONNECTION_REFUSED @ http://localhost:8501/_stcore/host-config:0
[   74814ms] [ERROR] Failed to load resource: net::ERR_CONNECTION_REFUSED @ http://localhost:8501/_stcore/health:0
[   74814ms] [ERROR] Client Error in reaching server endpoint - No response received when attempting to reach /_stcore/health @ http://localhost:8501/static/js/index.dkY5s53S.js:182
[   74814ms] [ERROR] Failed to load resource: net::ERR_CONNECTION_REFUSED @ http://localhost:8501/_stcore/host-config:0
[   76818ms] [ERROR] Failed to load resource: net::ERR_CONNECTION_REFUSED @ http://localhost:8501/_stcore/health:0
[   76818ms] [ERROR] Client Error in reaching server endpoint - No response received when attempting to reach /_stcore/health @ http://localhost:8501/static/js/index.dkY5s53S.js:182
[   76819ms] [ERROR] Failed to load resource: net::ERR_CONNECTION_REFUSED @ http://localhost:8501/_stcore/host-config:0
[   78823ms] [ERROR] Failed to load resource: net::ERR_CONNECTION_REFUSED @ http://localhost:8501/_stcore/health:0
[   78823ms] [ERROR] Client Error in reaching server endpoint - No response received when attempting to reach /_stcore/health @ http://localhost:8501/static/js/index.dkY5s53S.js:182
[   78823ms] [ERROR] Failed to load resource: net::ERR_CONNECTION_REFUSED @ http://localhost:8501/_stcore/host-config:0
[   80827ms] [ERROR] Failed to load resource: net::ERR_CONNECTION_REFUSED @ http://localhost:8501/_stcore/health:0
[   80827ms] [ERROR] Client Error in reaching server endpoint - No response received when attempting to reach /_stcore/health @ http://localhost:8501/static/js/index.dkY5s53S.js:182
[   80827ms] [ERROR] Failed to load resource: net::ERR_CONNECTION_REFUSED @ http://localhost:8501/_stcore/host-config:0
[   82832ms] [ERROR] Failed to load resource: net::ERR_CONNECTION_REFUSED @ http://localhost:8501/_stcore/health:0
[   82832ms] [ERROR] Client Error in reaching server endpoint - No response received when attempting to reach /_stcore/health @ http://localhost:8501/static/js/index.dkY5s53S.js:182
[   82832ms] [ERROR] Failed to load resource: net::ERR_CONNECTION_REFUSED @ http://localhost:8501/_stcore/host-config:0
[   84835ms] [ERROR] Failed to load resource: net::ERR_CONNECTION_REFUSED @ http://localhost:8501/_stcore/health:0
[   84835ms] [ERROR] Client Error in reaching server endpoint - No response received when attempting to reach /_stcore/health @ http://localhost:8501/static/js/index.dkY5s53S.js:182
[   84835ms] [ERROR] Failed to load resource: net::ERR_CONNECTION_REFUSED @ http://localhost:8501/_stcore/host-config:0
[   86838ms] [ERROR] Failed to load resource: net::ERR_CONNECTION_REFUSED @ http://localhost:8501/_stcore/health:0
[   86838ms] [ERROR] Client Error in reaching server endpoint - No response received when attempting to reach /_stcore/health @ http://localhost:8501/static/js/index.dkY5s53S.js:182
[   86839ms] [ERROR] Failed to load resource: net::ERR_CONNECTION_REFUSED @ http://localhost:8501/_stcore/host-config:0
[   88843ms] [ERROR] Failed to load resource: net::ERR_CONNECTION_REFUSED @ http://localhost:8501/_stcore/health:0
[   88843ms] [ERROR] Client Error in reaching server endpoint - No response received when attempting to reach /_stcore/health @ http://localhost:8501/static/js/index.dkY5s53S.js:182
[   88843ms] [ERROR] Failed to load resource: net::ERR_CONNECTION_REFUSED @ http://localhost:8501/_stcore/host-config:0
[   90848ms] [ERROR] Failed to load resource: net::ERR_CONNECTION_REFUSED @ http://localhost:8501/_stcore/health:0
[   90848ms] [ERROR] Client Error in reaching server endpoint - No response received when attempting to reach /_stcore/health @ http://localhost:8501/static/js/index.dkY5s53S.js:182
[   90848ms] [ERROR] Failed to load resource: net::ERR_CONNECTION_REFUSED @ http://localhost:8501/_stcore/host-config:0
[   92852ms] [ERROR] Failed to load resource: net::ERR_CONNECTION_REFUSED @ http://localhost:8501/_stcore/health:0
[   92852ms] [ERROR] Client Error in reaching server endpoint - No response received when attempting to reach /_stcore/health @ http://localhost:8501/static/js/index.dkY5s53S.js:182
[   92853ms] [ERROR] Failed to load resource: net::ERR_CONNECTION_REFUSED @ http://localhost:8501/_stcore/host-config:0
[   94856ms] [ERROR] Failed to load resource: net::ERR_CONNECTION_REFUSED @ http://localhost:8501/_stcore/health:0
[   94856ms] [ERROR] Client Error in reaching server endpoint - No response received when attempting to reach /_stcore/health @ http://localhost:8501/static/js/index.dkY5s53S.js:182
[   94857ms] [ERROR] Failed to load resource: net::ERR_CONNECTION_REFUSED @ http://localhost:8501/_stcore/host-config:0
[   96860ms] [ERROR] Failed to load resource: net::ERR_CONNECTION_REFUSED @ http://localhost:8501/_stcore/health:0
[   96861ms] [ERROR] Client Error in reaching server endpoint - No response received when attempting to reach /_stcore/health @ http://localhost:8501/static/js/index.dkY5s53S.js:182
[   96861ms] [ERROR] Failed to load resource: net::ERR_CONNECTION_REFUSED @ http://localhost:8501/_stcore/host-config:0
[   98864ms] [ERROR] Failed to load resource: net::ERR_CONNECTION_REFUSED @ http://localhost:8501/_stcore/health:0
[   98864ms] [ERROR] Client Error in reaching server endpoint - No response received when attempting to reach /_stcore/health @ http://localhost:8501/static/js/index.dkY5s53S.js:182
[   98865ms] [ERROR] Failed to load resource: net::ERR_CONNECTION_REFUSED @ http://localhost:8501/_stcore/host-config:0
[  100869ms] [ERROR] Failed to load resource: net::ERR_CONNECTION_REFUSED @ http://localhost:8501/_stcore/health:0
[  100869ms] [ERROR] Client Error in reaching server endpoint - No response received when attempting to reach /_stcore/health @ http://localhost:8501/static/js/index.dkY5s53S.js:182
[  100870ms] [ERROR] Failed to load resource: net::ERR_CONNECTION_REFUSED @ http://localhost:8501/_stcore/host-config:0
[  102874ms] [ERROR] Failed to load resource: net::ERR_CONNECTION_REFUSED @ http://localhost:8501/_stcore/health:0
[  102874ms] [ERROR] Client Error in reaching server endpoint - No response received when attempting to reach /_stcore/health @ http://localhost:8501/static/js/index.dkY5s53S.js:182
[  102874ms] [ERROR] Failed to load resource: net::ERR_CONNECTION_REFUSED @ http://localhost:8501/_stcore/host-config:0
[  104878ms] [ERROR] Failed to load resource: net::ERR_CONNECTION_REFUSED @ http://localhost:8501/_stcore/health:0
[  104879ms] [ERROR] Client Error in reaching server endpoint - No response received when attempting to reach /_stcore/health @ http://localhost:8501/static/js/index.dkY5s53S.js:182
[  104879ms] [ERROR] Failed to load resource: net::ERR_CONNECTION_REFUSED @ http://localhost:8501/_stcore/host-config:0
[  106883ms] [ERROR] Failed to load resource: net::ERR_CONNECTION_REFUSED @ http://localhost:8501/_stcore/health:0
[  106883ms] [ERROR] Client Error in reaching server endpoint - No response received when attempting to reach /_stcore/health @ http://localhost:8501/static/js/index.dkY5s53S.js:182
[  106884ms] [ERROR] Failed to load resource: net::ERR_CONNECTION_REFUSED @ http://localhost:8501/_stcore/host-config:0
[  108886ms] [ERROR] Failed to load resource: net::ERR_CONNECTION_REFUSED @ http://localhost:8501/_stcore/health:0
[  108886ms] [ERROR] Client Error in reaching server endpoint - No response received when attempting to reach /_stcore/health @ http://localhost:8501/static/js/index.dkY5s53S.js:182
[  108886ms] [ERROR] Failed to load resource: net::ERR_CONNECTION_REFUSED @ http://localhost:8501/_stcore/host-config:0
[  110889ms] [ERROR] Failed to load resource: net::ERR_CONNECTION_REFUSED @ http://localhost:8501/_stcore/health:0
[  110890ms] [ERROR] Client Error in reaching server endpoint - No response received when attempting to reach /_stcore/health @ http://localhost:8501/static/js/index.dkY5s53S.js:182
[  110890ms] [ERROR] Failed to load resource: net::ERR_CONNECTION_REFUSED @ http://localhost:8501/_stcore/host-config:0
[  112893ms] [ERROR] Failed to load resource: net::ERR_CONNECTION_REFUSED @ http://localhost:8501/_stcore/health:0
[  112893ms] [ERROR] Client Error in reaching server endpoint - No response received when attempting to reach /_stcore/health @ http://localhost:8501/static/js/index.dkY5s53S.js:182
[  112893ms] [ERROR] Failed to load resource: net::ERR_CONNECTION_REFUSED @ http://localhost:8501/_stcore/host-config:0
[  114898ms] [ERROR] Failed to load resource: net::ERR_CONNECTION_REFUSED @ http://localhost:8501/_stcore/health:0
[  114898ms] [ERROR] Client Error in reaching server endpoint - No response received when attempting to reach /_stcore/health @ http://localhost:8501/static/js/index.dkY5s53S.js:182
[  114898ms] [ERROR] Failed to load resource: net::ERR_CONNECTION_REFUSED @ http://localhost:8501/_stcore/host-config:0
[  116901ms] [ERROR] Failed to load resource: net::ERR_CONNECTION_REFUSED @ http://localhost:8501/_stcore/health:0
[  116901ms] [ERROR] Client Error in reaching server endpoint - No response received when attempting to reach /_stcore/health @ http://localhost:8501/static/js/index.dkY5s53S.js:182
[  116901ms] [ERROR] Failed to load resource: net::ERR_CONNECTION_REFUSED @ http://localhost:8501/_stcore/host-config:0
[  118905ms] [ERROR] Failed to load resource: net::ERR_CONNECTION_REFUSED @ http://localhost:8501/_stcore/health:0
[  118905ms] [ERROR] Client Error in reaching server endpoint - No response received when attempting to reach /_stcore/health @ http://localhost:8501/static/js/index.dkY5s53S.js:182
[  118905ms] [ERROR] Failed to load resource: net::ERR_CONNECTION_REFUSED @ http://localhost:8501/_stcore/host-config:0
[  120909ms] [ERROR] Failed to load resource: net::ERR_CONNECTION_REFUSED @ http://localhost:8501/_stcore/health:0
[  120909ms] [ERROR] Client Error in reaching server endpoint - No response received when attempting to reach /_stcore/health @ http://localhost:8501/static/js/index.dkY5s53S.js:182
[  120909ms] [ERROR] Failed to load resource: net::ERR_CONNECTION_REFUSED @ http://localhost:8501/_stcore/host-config:0
[  122913ms] [ERROR] Failed to load resource: net::ERR_CONNECTION_REFUSED @ http://localhost:8501/_stcore/health:0
[  122913ms] [ERROR] Client Error in reaching server endpoint - No response received when attempting to reach /_stcore/health @ http://localhost:8501/static/js/index.dkY5s53S.js:182
[  122913ms] [ERROR] Failed to load resource: net::ERR_CONNECTION_REFUSED @ http://localhost:8501/_stcore/host-config:0
[  124917ms] [ERROR] Failed to load resource: net::ERR_CONNECTION_REFUSED @ http://localhost:8501/_stcore/health:0
[  124917ms] [ERROR] Client Error in reaching server endpoint - No response received when attempting to reach /_stcore/health @ http://localhost:8501/static/js/index.dkY5s53S.js:182
[  124918ms] [ERROR] Failed to load resource: net::ERR_CONNECTION_REFUSED @ http://localhost:8501/_stcore/host-config:0
[  126922ms] [ERROR] Failed to load resource: net::ERR_CONNECTION_REFUSED @ http://localhost:8501/_stcore/health:0
[  126922ms] [ERROR] Client Error in reaching server endpoint - No response received when attempting to reach /_stcore/health @ http://localhost:8501/static/js/index.dkY5s53S.js:182
[  126922ms] [ERROR] Failed to load resource: net::ERR_CONNECTION_REFUSED @ http://localhost:8501/_stcore/host-config:0
[  128925ms] [ERROR] Failed to load resource: net::ERR_CONNECTION_REFUSED @ http://localhost:8501/_stcore/health:0
[  128925ms] [ERROR] Client Error in reaching server endpoint - No response received when attempting to reach /_stcore/health @ http://localhost:8501/static/js/index.dkY5s53S.js:182
[  128926ms] [ERROR] Failed to load resource: net::ERR_CONNECTION_REFUSED @ http://localhost:8501/_stcore/host-config:0
[  130929ms] [ERROR] Failed to load resource: net::ERR_CONNECTION_REFUSED @ http://localhost:8501/_stcore/health:0
[  130929ms] [ERROR] Client Error in reaching server endpoint - No response received when attempting to reach /_stcore/health @ http://localhost:8501/static/js/index.dkY5s53S.js:182
[  130929ms] [ERROR] Failed to load resource: net::ERR_CONNECTION_REFUSED @ http://localhost:8501/_stcore/host-config:0
[  132934ms] [ERROR] Failed to load resource: net::ERR_CONNECTION_REFUSED @ http://localhost:8501/_stcore/health:0
[  132935ms] [ERROR] Client Error in reaching server endpoint - No response received when attempting to reach /_stcore/health @ http://localhost:8501/static/js/index.dkY5s53S.js:182
[  132935ms] [ERROR] Failed to load resource: net::ERR_CONNECTION_REFUSED @ http://localhost:8501/_stcore/host-config:0
[  134939ms] [ERROR] Failed to load resource: net::ERR_CONNECTION_REFUSED @ http://localhost:8501/_stcore/health:0
[  134939ms] [ERROR] Client Error in reaching server endpoint - No response received when attempting to reach /_stcore/health @ http://localhost:8501/static/js/index.dkY5s53S.js:182
[  134939ms] [ERROR] Failed to load resource: net::ERR_CONNECTION_REFUSED @ http://localhost:8501/_stcore/host-config:0
[  136943ms] [ERROR] Failed to load resource: net::ERR_CONNECTION_REFUSED @ http://localhost:8501/_stcore/health:0
[  136943ms] [ERROR] Client Error in reaching server endpoint - No response received when attempting to reach /_stcore/health @ http://localhost:8501/static/js/index.dkY5s53S.js:182
[  136943ms] [ERROR] Failed to load resource: net::ERR_CONNECTION_REFUSED @ http://localhost:8501/_stcore/host-config:0
[  138948ms] [ERROR] Failed to load resource: net::ERR_CONNECTION_REFUSED @ http://localhost:8501/_stcore/health:0
[  138948ms] [ERROR] Client Error in reaching server endpoint - No response received when attempting to reach /_stcore/health @ http://localhost:8501/static/js/index.dkY5s53S.js:182
[  138948ms] [ERROR] Failed to load resource: net::ERR_CONNECTION_REFUSED @ http://localhost:8501/_stcore/host-config:0
[  140951ms] [ERROR] Failed to load resource: net::ERR_CONNECTION_REFUSED @ http://localhost:8501/_stcore/health:0
[  140952ms] [ERROR] Client Error in reaching server endpoint - No response received when attempting to reach /_stcore/health @ http://localhost:8501/static/js/index.dkY5s53S.js:182
[  140952ms] [ERROR] Failed to load resource: net::ERR_CONNECTION_REFUSED @ http://localhost:8501/_stcore/host-config:0
[  142956ms] [ERROR] Failed to load resource: net::ERR_CONNECTION_REFUSED @ http://localhost:8501/_stcore/health:0
[  142956ms] [ERROR] Client Error in reaching server endpoint - No response received when attempting to reach /_stcore/health @ http://localhost:8501/static/js/index.dkY5s53S.js:182
[  142957ms] [ERROR] Failed to load resource: net::ERR_CONNECTION_REFUSED @ http://localhost:8501/_stcore/host-config:0
[  144959ms] [ERROR] Failed to load resource: net::ERR_CONNECTION_REFUSED @ http://localhost:8501/_stcore/health:0
[  144959ms] [ERROR] Client Error in reaching server endpoint - No response received when attempting to reach /_stcore/health @ http://localhost:8501/static/js/index.dkY5s53S.js:182
[  144960ms] [ERROR] Failed to load resource: net::ERR_CONNECTION_REFUSED @ http://localhost:8501/_stcore/host-config:0
[  146964ms] [ERROR] Failed to load resource: net::ERR_CONNECTION_REFUSED @ http://localhost:8501/_stcore/health:0
[  146964ms] [ERROR] Client Error in reaching server endpoint - No response received when attempting to reach /_stcore/health @ http://localhost:8501/static/js/index.dkY5s53S.js:182
[  146965ms] [ERROR] Failed to load resource: net::ERR_CONNECTION_REFUSED @ http://localhost:8501/_stcore/host-config:0
[  148967ms] [ERROR] Failed to load resource: net::ERR_CONNECTION_REFUSED @ http://localhost:8501/_stcore/health:0
[  148968ms] [ERROR] Client Error in reaching server endpoint - No response received when attempting to reach /_stcore/health @ http://localhost:8501/static/js/index.dkY5s53S.js:182
[  148968ms] [ERROR] Failed to load resource: net::ERR_CONNECTION_REFUSED @ http://localhost:8501/_stcore/host-config:0
[  150972ms] [ERROR] Failed to load resource: net::ERR_CONNECTION_REFUSED @ http://localhost:8501/_stcore/health:0
[  150972ms] [ERROR] Client Error in reaching server endpoint - No response received when attempting to reach /_stcore/health @ http://localhost:8501/static/js/index.dkY5s53S.js:182
[  150973ms] [ERROR] Failed to load resource: net::ERR_CONNECTION_REFUSED @ http://localhost:8501/_stcore/host-config:0
[  152976ms] [ERROR] Failed to load resource: net::ERR_CONNECTION_REFUSED @ http://localhost:8501/_stcore/health:0
[  152976ms] [ERROR] Client Error in reaching server endpoint - No response received when attempting to reach /_stcore/health @ http://localhost:8501/static/js/index.dkY5s53S.js:182
[  152976ms] [ERROR] Failed to load resource: net::ERR_CONNECTION_REFUSED @ http://localhost:8501/_stcore/host-config:0
[  154980ms] [ERROR] Failed to load resource: net::ERR_CONNECTION_REFUSED @ http://localhost:8501/_stcore/health:0
[  154980ms] [ERROR] Client Error in reaching server endpoint - No response received when attempting to reach /_stcore/health @ http://localhost:8501/static/js/index.dkY5s53S.js:182
[  154980ms] [ERROR] Failed to load resource: net::ERR_CONNECTION_REFUSED @ http://localhost:8501/_stcore/host-config:0
[  156984ms] [ERROR] Failed to load resource: net::ERR_CONNECTION_REFUSED @ http://localhost:8501/_stcore/health:0
[  156985ms] [ERROR] Client Error in reaching server endpoint - No response received when attempting to reach /_stcore/health @ http://localhost:8501/static/js/index.dkY5s53S.js:182
[  156986ms] [ERROR] Failed to load resource: net::ERR_CONNECTION_REFUSED @ http://localhost:8501/_stcore/host-config:0
[  158990ms] [ERROR] Failed to load resource: net::ERR_CONNECTION_REFUSED @ http://localhost:8501/_stcore/health:0
[  158990ms] [ERROR] Client Error in reaching server endpoint - No response received when attempting to reach /_stcore/health @ http://localhost:8501/static/js/index.dkY5s53S.js:182
[  158990ms] [ERROR] Failed to load resource: net::ERR_CONNECTION_REFUSED @ http://localhost:8501/_stcore/host-config:0
[  160993ms] [ERROR] Failed to load resource: net::ERR_CONNECTION_REFUSED @ http://localhost:8501/_stcore/health:0
[  160993ms] [ERROR] Client Error in reaching server endpoint - No response received when attempting to reach /_stcore/health @ http://localhost:8501/static/js/index.dkY5s53S.js:182
[  160993ms] [ERROR] Failed to load resource: net::ERR_CONNECTION_REFUSED @ http://localhost:8501/_stcore/host-config:0
[  162998ms] [ERROR] Failed to load resource: net::ERR_CONNECTION_REFUSED @ http://localhost:8501/_stcore/health:0
[  162998ms] [ERROR] Client Error in reaching server endpoint - No response received when attempting to reach /_stcore/health @ http://localhost:8501/static/js/index.dkY5s53S.js:182
[  162999ms] [ERROR] Failed to load resource: net::ERR_CONNECTION_REFUSED @ http://localhost:8501/_stcore/host-config:0
[  165001ms] [ERROR] Failed to load resource: net::ERR_CONNECTION_REFUSED @ http://localhost:8501/_stcore/health:0
[  165002ms] [ERROR] Client Error in reaching server endpoint - No response received when attempting to reach /_stcore/health @ http://localhost:8501/static/js/index.dkY5s53S.js:182
[  165002ms] [ERROR] Failed to load resource: net::ERR_CONNECTION_REFUSED @ http://localhost:8501/_stcore/host-config:0
[  167006ms] [ERROR] Failed to load resource: net::ERR_CONNECTION_REFUSED @ http://localhost:8501/_stcore/health:0
[  167006ms] [ERROR] Client Error in reaching server endpoint - No response received when attempting to reach /_stcore/health @ http://localhost:8501/static/js/index.dkY5s53S.js:182
[  167008ms] [ERROR] Failed to load resource: net::ERR_CONNECTION_REFUSED @ http://localhost:8501/_stcore/host-config:0
[  169010ms] [ERROR] Failed to load resource: net::ERR_CONNECTION_REFUSED @ http://localhost:8501/_stcore/health:0
[  169010ms] [ERROR] Client Error in reaching server endpoint - No response received when attempting to reach /_stcore/health @ http://localhost:8501/static/js/index.dkY5s53S.js:182
[  169010ms] [ERROR] Failed to load resource: net::ERR_CONNECTION_REFUSED @ http://localhost:8501/_stcore/host-config:0
[  171014ms] [ERROR] Failed to load resource: net::ERR_CONNECTION_REFUSED @ http://localhost:8501/_stcore/health:0
[  171014ms] [ERROR] Client Error in reaching server endpoint - No response received when attempting to reach /_stcore/health @ http://localhost:8501/static/js/index.dkY5s53S.js:182
[  171015ms] [ERROR] Failed to load resource: net::ERR_CONNECTION_REFUSED @ http://localhost:8501/_stcore/host-config:0
[  173019ms] [ERROR] Failed to load resource: net::ERR_CONNECTION_REFUSED @ http://localhost:8501/_stcore/health:0
[  173019ms] [ERROR] Client Error in reaching server endpoint - No response received when attempting to reach /_stcore/health @ http://localhost:8501/static/js/index.dkY5s53S.js:182
[  173020ms] [ERROR] Failed to load resource: net::ERR_CONNECTION_REFUSED @ http://localhost:8501/_stcore/host-config:0
[  175022ms] [ERROR] Failed to load resource: net::ERR_CONNECTION_REFUSED @ http://localhost:8501/_stcore/health:0
[  175022ms] [ERROR] Client Error in reaching server endpoint - No response received when attempting to reach /_stcore/health @ http://localhost:8501/static/js/index.dkY5s53S.js:182
[  175024ms] [ERROR] Failed to load resource: net::ERR_CONNECTION_REFUSED @ http://localhost:8501/_stcore/host-config:0
[  177026ms] [ERROR] Failed to load resource: net::ERR_CONNECTION_REFUSED @ http://localhost:8501/_stcore/health:0
[  177026ms] [ERROR] Client Error in reaching server endpoint - No response received when attempting to reach /_stcore/health @ http://localhost:8501/static/js/index.dkY5s53S.js:182
[  177027ms] [ERROR] Failed to load resource: net::ERR_CONNECTION_REFUSED @ http://localhost:8501/_stcore/host-config:0
[  179031ms] [ERROR] Failed to load resource: net::ERR_CONNECTION_REFUSED @ http://localhost:8501/_stcore/host-config:0
[  179031ms] [ERROR] Client Error in reaching server endpoint - No response received when attempting to reach /_stcore/host-config @ http://localhost:8501/static/js/index.dkY5s53S.js:182
[  179031ms] [ERROR] Failed to load resource: net::ERR_CONNECTION_REFUSED @ http://localhost:8501/_stcore/health:0
[  181035ms] [ERROR] Failed to load resource: net::ERR_CONNECTION_REFUSED @ http://localhost:8501/_stcore/health:0
[  181035ms] [ERROR] Client Error in reaching server endpoint - No response received when attempting to reach /_stcore/health @ http://localhost:8501/static/js/index.dkY5s53S.js:182
[  181036ms] [ERROR] Failed to load resource: net::ERR_CONNECTION_REFUSED @ http://localhost:8501/_stcore/host-config:0
[  183040ms] [ERROR] Failed to load resource: net::ERR_CONNECTION_REFUSED @ http://localhost:8501/_stcore/health:0
[  183040ms] [ERROR] Client Error in reaching server endpoint - No response received when attempting to reach /_stcore/health @ http://localhost:8501/static/js/index.dkY5s53S.js:182
[  183041ms] [ERROR] Failed to load resource: net::ERR_CONNECTION_REFUSED @ http://localhost:8501/_stcore/host-config:0
[  185044ms] [ERROR] Failed to load resource: net::ERR_CONNECTION_REFUSED @ http://localhost:8501/_stcore/health:0
[  185045ms] [ERROR] Client Error in reaching server endpoint - No response received when attempting to reach /_stcore/health @ http://localhost:8501/static/js/index.dkY5s53S.js:182
[  185045ms] [ERROR] Failed to load resource: net::ERR_CONNECTION_REFUSED @ http://localhost:8501/_stcore/host-config:0
[  187049ms] [ERROR] Failed to load resource: net::ERR_CONNECTION_REFUSED @ http://localhost:8501/_stcore/health:0
[  187049ms] [ERROR] Client Error in reaching server endpoint - No response received when attempting to reach /_stcore/health @ http://localhost:8501/static/js/index.dkY5s53S.js:182
[  187050ms] [ERROR] Failed to load resource: net::ERR_CONNECTION_REFUSED @ http://localhost:8501/_stcore/host-config:0
[  189054ms] [ERROR] Failed to load resource: net::ERR_CONNECTION_REFUSED @ http://localhost:8501/_stcore/health:0
[  189054ms] [ERROR] Client Error in reaching server endpoint - No response received when attempting to reach /_stcore/health @ http://localhost:8501/static/js/index.dkY5s53S.js:182
[  189054ms] [ERROR] Failed to load resource: net::ERR_CONNECTION_REFUSED @ http://localhost:8501/_stcore/host-config:0
[  191058ms] [ERROR] Failed to load resource: net::ERR_CONNECTION_REFUSED @ http://localhost:8501/_stcore/health:0
[  191058ms] [ERROR] Client Error in reaching server endpoint - No response received when attempting to reach /_stcore/health @ http://localhost:8501/static/js/index.dkY5s53S.js:182
[  191058ms] [ERROR] Failed to load resource: net::ERR_CONNECTION_REFUSED @ http://localhost:8501/_stcore/host-config:0
[  193063ms] [ERROR] Failed to load resource: net::ERR_CONNECTION_REFUSED @ http://localhost:8501/_stcore/health:0
[  193063ms] [ERROR] Client Error in reaching server endpoint - No response received when attempting to reach /_stcore/health @ http://localhost:8501/static/js/index.dkY5s53S.js:182
[  193063ms] [ERROR] Failed to load resource: net::ERR_CONNECTION_REFUSED @ http://localhost:8501/_stcore/host-config:0
[  195066ms] [ERROR] Failed to load resource: net::ERR_CONNECTION_REFUSED @ http://localhost:8501/_stcore/health:0
[  195066ms] [ERROR] Client Error in reaching server endpoint - No response received when attempting to reach /_stcore/health @ http://localhost:8501/static/js/index.dkY5s53S.js:182
[  195066ms] [ERROR] Failed to load resource: net::ERR_CONNECTION_REFUSED @ http://localhost:8501/_stcore/host-config:0
[  197069ms] [ERROR] Failed to load resource: net::ERR_CONNECTION_REFUSED @ http://localhost:8501/_stcore/health:0
[  197070ms] [ERROR] Client Error in reaching server endpoint - No response received when attempting to reach /_stcore/health @ http://localhost:8501/static/js/index.dkY5s53S.js:182
[  197070ms] [ERROR] Failed to load resource: net::ERR_CONNECTION_REFUSED @ http://localhost:8501/_stcore/host-config:0
[  199074ms] [ERROR] Failed to load resource: net::ERR_CONNECTION_REFUSED @ http://localhost:8501/_stcore/health:0
[  199075ms] [ERROR] Client Error in reaching server endpoint - No response received when attempting to reach /_stcore/health @ http://localhost:8501/static/js/index.dkY5s53S.js:182
[  199075ms] [ERROR] Failed to load resource: net::ERR_CONNECTION_REFUSED @ http://localhost:8501/_stcore/host-config:0
[  201080ms] [ERROR] Failed to load resource: net::ERR_CONNECTION_REFUSED @ http://localhost:8501/_stcore/health:0
[  201080ms] [ERROR] Client Error in reaching server endpoint - No response received when attempting to reach /_stcore/health @ http://localhost:8501/static/js/index.dkY5s53S.js:182
[  201083ms] [ERROR] Failed to load resource: net::ERR_CONNECTION_REFUSED @ http://localhost:8501/_stcore/host-config:0
[  203084ms] [ERROR] Failed to load resource: net::ERR_CONNECTION_REFUSED @ http://localhost:8501/_stcore/health:0
[  203084ms] [ERROR] Client Error in reaching server endpoint - No response received when attempting to reach /_stcore/health @ http://localhost:8501/static/js/index.dkY5s53S.js:182
[  203086ms] [ERROR] Failed to load resource: net::ERR_CONNECTION_REFUSED @ http://localhost:8501/_stcore/host-config:0
[  205089ms] [ERROR] Failed to load resource: net::ERR_CONNECTION_REFUSED @ http://localhost:8501/_stcore/health:0
[  205089ms] [ERROR] Client Error in reaching server endpoint - No response received when attempting to reach /_stcore/health @ http://localhost:8501/static/js/index.dkY5s53S.js:182
[  205090ms] [ERROR] Failed to load resource: net::ERR_CONNECTION_REFUSED @ http://localhost:8501/_stcore/host-config:0
[  207092ms] [ERROR] Failed to load resource: net::ERR_CONNECTION_REFUSED @ http://localhost:8501/_stcore/health:0
[  207093ms] [ERROR] Client Error in reaching server endpoint - No response received when attempting to reach /_stcore/health @ http://localhost:8501/static/js/index.dkY5s53S.js:182
[  207093ms] [ERROR] Failed to load resource: net::ERR_CONNECTION_REFUSED @ http://localhost:8501/_stcore/host-config:0
[  209098ms] [ERROR] Failed to load resource: net::ERR_CONNECTION_REFUSED @ http://localhost:8501/_stcore/health:0
[  209098ms] [ERROR] Client Error in reaching server endpoint - No response received when attempting to reach /_stcore/health @ http://localhost:8501/static/js/index.dkY5s53S.js:182
[  209098ms] [ERROR] Failed to load resource: net::ERR_CONNECTION_REFUSED @ http://localhost:8501/_stcore/host-config:0
[  211101ms] [ERROR] Failed to load resource: net::ERR_CONNECTION_REFUSED @ http://localhost:8501/_stcore/health:0
[  211101ms] [ERROR] Client Error in reaching server endpoint - No response received when attempting to reach /_stcore/health @ http://localhost:8501/static/js/index.dkY5s53S.js:182
[  211102ms] [ERROR] Failed to load resource: net::ERR_CONNECTION_REFUSED @ http://localhost:8501/_stcore/host-config:0
[  213106ms] [ERROR] Failed to load resource: net::ERR_CONNECTION_REFUSED @ http://localhost:8501/_stcore/health:0
[  213106ms] [ERROR] Client Error in reaching server endpoint - No response received when attempting to reach /_stcore/health @ http://localhost:8501/static/js/index.dkY5s53S.js:182
[  213106ms] [ERROR] Failed to load resource: net::ERR_CONNECTION_REFUSED @ http://localhost:8501/_stcore/host-config:0
[  215111ms] [ERROR] Failed to load resource: net::ERR_CONNECTION_REFUSED @ http://localhost:8501/_stcore/health:0
[  215111ms] [ERROR] Client Error in reaching server endpoint - No response received when attempting to reach /_stcore/health @ http://localhost:8501/static/js/index.dkY5s53S.js:182
[  215111ms] [ERROR] Failed to load resource: net::ERR_CONNECTION_REFUSED @ http://localhost:8501/_stcore/host-config:0
[  217115ms] [ERROR] Failed to load resource: net::ERR_CONNECTION_REFUSED @ http://localhost:8501/_stcore/health:0
[  217115ms] [ERROR] Client Error in reaching server endpoint - No response received when attempting to reach /_stcore/health @ http://localhost:8501/static/js/index.dkY5s53S.js:182
[  217116ms] [ERROR] Failed to load resource: net::ERR_CONNECTION_REFUSED @ http://localhost:8501/_stcore/host-config:0
[  219119ms] [ERROR] Failed to load resource: net::ERR_CONNECTION_REFUSED @ http://localhost:8501/_stcore/health:0
[  219120ms] [ERROR] Client Error in reaching server endpoint - No response received when attempting to reach /_stcore/health @ http://localhost:8501/static/js/index.dkY5s53S.js:182
[  219120ms] [ERROR] Failed to load resource: net::ERR_CONNECTION_REFUSED @ http://localhost:8501/_stcore/host-config:0
[  221124ms] [ERROR] Failed to load resource: net::ERR_CONNECTION_REFUSED @ http://localhost:8501/_stcore/health:0
[  221124ms] [ERROR] Client Error in reaching server endpoint - No response received when attempting to reach /_stcore/health @ http://localhost:8501/static/js/index.dkY5s53S.js:182
[  221124ms] [ERROR] Failed to load resource: net::ERR_CONNECTION_REFUSED @ http://localhost:8501/_stcore/host-config:0
[  223128ms] [ERROR] Failed to load resource: net::ERR_CONNECTION_REFUSED @ http://localhost:8501/_stcore/health:0
[  223129ms] [ERROR] Client Error in reaching server endpoint - No response received when attempting to reach /_stcore/health @ http://localhost:8501/static/js/index.dkY5s53S.js:182
[  223130ms] [ERROR] Failed to load resource: net::ERR_CONNECTION_REFUSED @ http://localhost:8501/_stcore/host-config:0
[  225132ms] [ERROR] Failed to load resource: net::ERR_CONNECTION_REFUSED @ http://localhost:8501/_stcore/health:0
[  225132ms] [ERROR] Client Error in reaching server endpoint - No response received when attempting to reach /_stcore/health @ http://localhost:8501/static/js/index.dkY5s53S.js:182
[  225132ms] [ERROR] Failed to load resource: net::ERR_CONNECTION_REFUSED @ http://localhost:8501/_stcore/host-config:0
[  227137ms] [ERROR] Failed to load resource: net::ERR_CONNECTION_REFUSED @ http://localhost:8501/_stcore/health:0
[  227137ms] [ERROR] Client Error in reaching server endpoint - No response received when attempting to reach /_stcore/health @ http://localhost:8501/static/js/index.dkY5s53S.js:182
[  227137ms] [ERROR] Failed to load resource: net::ERR_CONNECTION_REFUSED @ http://localhost:8501/_stcore/host-config:0
[  229141ms] [ERROR] Failed to load resource: net::ERR_CONNECTION_REFUSED @ http://localhost:8501/_stcore/health:0
[  229141ms] [ERROR] Client Error in reaching server endpoint - No response received when attempting to reach /_stcore/health @ http://localhost:8501/static/js/index.dkY5s53S.js:182
[  229142ms] [ERROR] Failed to load resource: net::ERR_CONNECTION_REFUSED @ http://localhost:8501/_stcore/host-config:0
[  231144ms] [ERROR] Failed to load resource: net::ERR_CONNECTION_REFUSED @ http://localhost:8501/_stcore/health:0
[  231144ms] [ERROR] Client Error in reaching server endpoint - No response received when attempting to reach /_stcore/health @ http://localhost:8501/static/js/index.dkY5s53S.js:182
[  231145ms] [ERROR] Failed to load resource: net::ERR_CONNECTION_REFUSED @ http://localhost:8501/_stcore/host-config:0
[  233147ms] [ERROR] Failed to load resource: net::ERR_CONNECTION_REFUSED @ http://localhost:8501/_stcore/health:0
[  233147ms] [ERROR] Client Error in reaching server endpoint - No response received when attempting to reach /_stcore/health @ http://localhost:8501/static/js/index.dkY5s53S.js:182
[  233147ms] [ERROR] Failed to load resource: net::ERR_CONNECTION_REFUSED @ http://localhost:8501/_stcore/host-config:0
[  235151ms] [ERROR] Failed to load resource: net::ERR_CONNECTION_REFUSED @ http://localhost:8501/_stcore/health:0
[  235151ms] [ERROR] Client Error in reaching server endpoint - No response received when attempting to reach /_stcore/health @ http://localhost:8501/static/js/index.dkY5s53S.js:182
[  235151ms] [ERROR] Failed to load resource: net::ERR_CONNECTION_REFUSED @ http://localhost:8501/_stcore/host-config:0
[  237155ms] [ERROR] Failed to load resource: net::ERR_CONNECTION_REFUSED @ http://localhost:8501/_stcore/health:0
[  237156ms] [ERROR] Client Error in reaching server endpoint - No response received when attempting to reach /_stcore/health @ http://localhost:8501/static/js/index.dkY5s53S.js:182
[  237157ms] [ERROR] Failed to load resource: net::ERR_CONNECTION_REFUSED @ http://localhost:8501/_stcore/host-config:0
[  239159ms] [ERROR] Failed to load resource: net::ERR_CONNECTION_REFUSED @ http://localhost:8501/_stcore/health:0
[  239159ms] [ERROR] Client Error in reaching server endpoint - No response received when attempting to reach /_stcore/health @ http://localhost:8501/static/js/index.dkY5s53S.js:182
[  239159ms] [ERROR] Failed to load resource: net::ERR_CONNECTION_REFUSED @ http://localhost:8501/_stcore/host-config:0
[  241163ms] [ERROR] Failed to load resource: net::ERR_CONNECTION_REFUSED @ http://localhost:8501/_stcore/health:0
[  241163ms] [ERROR] Client Error in reaching server endpoint - No response received when attempting to reach /_stcore/health @ http://localhost:8501/static/js/index.dkY5s53S.js:182
[  241164ms] [ERROR] Failed to load resource: net::ERR_CONNECTION_REFUSED @ http://localhost:8501/_stcore/host-config:0
[  243166ms] [ERROR] Failed to load resource: net::ERR_CONNECTION_REFUSED @ http://localhost:8501/_stcore/health:0
[  243166ms] [ERROR] Client Error in reaching server endpoint - No response received when attempting to reach /_stcore/health @ http://localhost:8501/static/js/index.dkY5s53S.js:182
[  243166ms] [ERROR] Failed to load resource: net::ERR_CONNECTION_REFUSED @ http://localhost:8501/_stcore/host-config:0
[  245170ms] [ERROR] Failed to load resource: net::ERR_CONNECTION_REFUSED @ http://localhost:8501/_stcore/health:0
[  245171ms] [ERROR] Client Error in reaching server endpoint - No response received when attempting to reach /_stcore/health @ http://localhost:8501/static/js/index.dkY5s53S.js:182
[  245171ms] [ERROR] Failed to load resource: net::ERR_CONNECTION_REFUSED @ http://localhost:8501/_stcore/host-config:0
[  247175ms] [ERROR] Failed to load resource: net::ERR_CONNECTION_REFUSED @ http://localhost:8501/_stcore/health:0
[  247175ms] [ERROR] Client Error in reaching server endpoint - No response received when attempting to reach /_stcore/health @ http://localhost:8501/static/js/index.dkY5s53S.js:182
[  247175ms] [ERROR] Failed to load resource: net::ERR_CONNECTION_REFUSED @ http://localhost:8501/_stcore/host-config:0
[  249179ms] [ERROR] Failed to load resource: net::ERR_CONNECTION_REFUSED @ http://localhost:8501/_stcore/health:0
[  249179ms] [ERROR] Client Error in reaching server endpoint - No response received when attempting to reach /_stcore/health @ http://localhost:8501/static/js/index.dkY5s53S.js:182
[  249181ms] [ERROR] Failed to load resource: net::ERR_CONNECTION_REFUSED @ http://localhost:8501/_stcore/host-config:0
[  251183ms] [ERROR] Failed to load resource: net::ERR_CONNECTION_REFUSED @ http://localhost:8501/_stcore/health:0
[  251183ms] [ERROR] Client Error in reaching server endpoint - No response received when attempting to reach /_stcore/health @ http://localhost:8501/static/js/index.dkY5s53S.js:182
[  251183ms] [ERROR] Failed to load resource: net::ERR_CONNECTION_REFUSED @ http://localhost:8501/_stcore/host-config:0
[  253187ms] [ERROR] Failed to load resource: net::ERR_CONNECTION_REFUSED @ http://localhost:8501/_stcore/health:0
[  253187ms] [ERROR] Client Error in reaching server endpoint - No response received when attempting to reach /_stcore/health @ http://localhost:8501/static/js/index.dkY5s53S.js:182
[  253187ms] [ERROR] Failed to load resource: net::ERR_CONNECTION_REFUSED @ http://localhost:8501/_stcore/host-config:0
[  255190ms] [ERROR] Failed to load resource: net::ERR_CONNECTION_REFUSED @ http://localhost:8501/_stcore/health:0
[  255191ms] [ERROR] Client Error in reaching server endpoint - No response received when attempting to reach /_stcore/health @ http://localhost:8501/static/js/index.dkY5s53S.js:182
[  255191ms] [ERROR] Failed to load resource: net::ERR_CONNECTION_REFUSED @ http://localhost:8501/_stcore/host-config:0
[  257195ms] [ERROR] Failed to load resource: net::ERR_CONNECTION_REFUSED @ http://localhost:8501/_stcore/health:0
[  257195ms] [ERROR] Client Error in reaching server endpoint - No response received when attempting to reach /_stcore/health @ http://localhost:8501/static/js/index.dkY5s53S.js:182
[  257195ms] [ERROR] Failed to load resource: net::ERR_CONNECTION_REFUSED @ http://localhost:8501/_stcore/host-config:0
[  259199ms] [ERROR] Failed to load resource: net::ERR_CONNECTION_REFUSED @ http://localhost:8501/_stcore/health:0
[  259199ms] [ERROR] Client Error in reaching server endpoint - No response received when attempting to reach /_stcore/health @ http://localhost:8501/static/js/index.dkY5s53S.js:182
[  259199ms] [ERROR] Failed to load resource: net::ERR_CONNECTION_REFUSED @ http://localhost:8501/_stcore/host-config:0
[  261202ms] [ERROR] Failed to load resource: net::ERR_CONNECTION_REFUSED @ http://localhost:8501/_stcore/health:0
[  261202ms] [ERROR] Client Error in reaching server endpoint - No response received when attempting to reach /_stcore/health @ http://localhost:8501/static/js/index.dkY5s53S.js:182
[  261202ms] [ERROR] Failed to load resource: net::ERR_CONNECTION_REFUSED @ http://localhost:8501/_stcore/host-config:0
[  263206ms] [ERROR] Failed to load resource: net::ERR_CONNECTION_REFUSED @ http://localhost:8501/_stcore/health:0
[  263206ms] [ERROR] Client Error in reaching server endpoint - No response received when attempting to reach /_stcore/health @ http://localhost:8501/static/js/index.dkY5s53S.js:182
[  263206ms] [ERROR] Failed to load resource: net::ERR_CONNECTION_REFUSED @ http://localhost:8501/_stcore/host-config:0
[  265211ms] [ERROR] Failed to load resource: net::ERR_CONNECTION_REFUSED @ http://localhost:8501/_stcore/health:0
[  265211ms] [ERROR] Client Error in reaching server endpoint - No response received when attempting to reach /_stcore/health @ http://localhost:8501/static/js/index.dkY5s53S.js:182
[  265213ms] [ERROR] Failed to load resource: net::ERR_CONNECTION_REFUSED @ http://localhost:8501/_stcore/host-config:0
[  267215ms] [ERROR] Failed to load resource: net::ERR_CONNECTION_REFUSED @ http://localhost:8501/_stcore/health:0
[  267215ms] [ERROR] Client Error in reaching server endpoint - No response received when attempting to reach /_stcore/health @ http://localhost:8501/static/js/index.dkY5s53S.js:182
[  267215ms] [ERROR] Failed to load resource: net::ERR_CONNECTION_REFUSED @ http://localhost:8501/_stcore/host-config:0
[  269219ms] [ERROR] Failed to load resource: net::ERR_CONNECTION_REFUSED @ http://localhost:8501/_stcore/health:0
[  269219ms] [ERROR] Client Error in reaching server endpoint - No response received when attempting to reach /_stcore/health @ http://localhost:8501/static/js/index.dkY5s53S.js:182
[  269220ms] [ERROR] Failed to load resource: net::ERR_CONNECTION_REFUSED @ http://localhost:8501/_stcore/host-config:0
[  271224ms] [ERROR] Failed to load resource: net::ERR_CONNECTION_REFUSED @ http://localhost:8501/_stcore/health:0
[  271224ms] [ERROR] Client Error in reaching server endpoint - No response received when attempting to reach /_stcore/health @ http://localhost:8501/static/js/index.dkY5s53S.js:182
[  271225ms] [ERROR] Failed to load resource: net::ERR_CONNECTION_REFUSED @ http://localhost:8501/_stcore/host-config:0
[  273228ms] [ERROR] Failed to load resource: net::ERR_CONNECTION_REFUSED @ http://localhost:8501/_stcore/health:0
[  273228ms] [ERROR] Client Error in reaching server endpoint - No response received when attempting to reach /_stcore/health @ http://localhost:8501/static/js/index.dkY5s53S.js:182
[  273230ms] [ERROR] Failed to load resource: net::ERR_CONNECTION_REFUSED @ http://localhost:8501/_stcore/host-config:0
[  275232ms] [ERROR] Failed to load resource: net::ERR_CONNECTION_REFUSED @ http://localhost:8501/_stcore/health:0
[  275232ms] [ERROR] Client Error in reaching server endpoint - No response received when attempting to reach /_stcore/health @ http://localhost:8501/static/js/index.dkY5s53S.js:182
[  275233ms] [ERROR] Failed to load resource: net::ERR_CONNECTION_REFUSED @ http://localhost:8501/_stcore/host-config:0
[  277236ms] [ERROR] Failed to load resource: net::ERR_CONNECTION_REFUSED @ http://localhost:8501/_stcore/health:0
[  277236ms] [ERROR] Client Error in reaching server endpoint - No response received when attempting to reach /_stcore/health @ http://localhost:8501/static/js/index.dkY5s53S.js:182
[  277237ms] [ERROR] Failed to load resource: net::ERR_CONNECTION_REFUSED @ http://localhost:8501/_stcore/host-config:0
[  279240ms] [ERROR] Failed to load resource: net::ERR_CONNECTION_REFUSED @ http://localhost:8501/_stcore/health:0
[  279240ms] [ERROR] Client Error in reaching server endpoint - No response received when attempting to reach /_stcore/health @ http://localhost:8501/static/js/index.dkY5s53S.js:182
[  279240ms] [ERROR] Failed to load resource: net::ERR_CONNECTION_REFUSED @ http://localhost:8501/_stcore/host-config:0
[  281244ms] [ERROR] Failed to load resource: net::ERR_CONNECTION_REFUSED @ http://localhost:8501/_stcore/health:0
[  281244ms] [ERROR] Client Error in reaching server endpoint - No response received when attempting to reach /_stcore/health @ http://localhost:8501/static/js/index.dkY5s53S.js:182
[  281245ms] [ERROR] Failed to load resource: net::ERR_CONNECTION_REFUSED @ http://localhost:8501/_stcore/host-config:0
[  283247ms] [ERROR] Failed to load resource: net::ERR_CONNECTION_REFUSED @ http://localhost:8501/_stcore/health:0
[  283247ms] [ERROR] Client Error in reaching server endpoint - No response received when attempting to reach /_stcore/health @ http://localhost:8501/static/js/index.dkY5s53S.js:182
[  283248ms] [ERROR] Failed to load resource: net::ERR_CONNECTION_REFUSED @ http://localhost:8501/_stcore/host-config:0
[  285252ms] [ERROR] Failed to load resource: net::ERR_CONNECTION_REFUSED @ http://localhost:8501/_stcore/health:0
[  285252ms] [ERROR] Client Error in reaching server endpoint - No response received when attempting to reach /_stcore/health @ http://localhost:8501/static/js/index.dkY5s53S.js:182
[  285252ms] [ERROR] Failed to load resource: net::ERR_CONNECTION_REFUSED @ http://localhost:8501/_stcore/host-config:0
[  287256ms] [ERROR] Failed to load resource: net::ERR_CONNECTION_REFUSED @ http://localhost:8501/_stcore/health:0
[  287256ms] [ERROR] Client Error in reaching server endpoint - No response received when attempting to reach /_stcore/health @ http://localhost:8501/static/js/index.dkY5s53S.js:182
[  287256ms] [ERROR] Failed to load resource: net::ERR_CONNECTION_REFUSED @ http://localhost:8501/_stcore/host-config:0
[  289260ms] [ERROR] Failed to load resource: net::ERR_CONNECTION_REFUSED @ http://localhost:8501/_stcore/health:0
[  289260ms] [ERROR] Client Error in reaching server endpoint - No response received when attempting to reach /_stcore/health @ http://localhost:8501/static/js/index.dkY5s53S.js:182
[  289260ms] [ERROR] Failed to load resource: net::ERR_CONNECTION_REFUSED @ http://localhost:8501/_stcore/host-config:0
[  291263ms] [ERROR] Failed to load resource: net::ERR_CONNECTION_REFUSED @ http://localhost:8501/_stcore/health:0
[  291263ms] [ERROR] Client Error in reaching server endpoint - No response received when attempting to reach /_stcore/health @ http://localhost:8501/static/js/index.dkY5s53S.js:182
[  291264ms] [ERROR] Failed to load resource: net::ERR_CONNECTION_REFUSED @ http://localhost:8501/_stcore/host-config:0
[  293267ms] [ERROR] Failed to load resource: net::ERR_CONNECTION_REFUSED @ http://localhost:8501/_stcore/health:0
[  293268ms] [ERROR] Client Error in reaching server endpoint - No response received when attempting to reach /_stcore/health @ http://localhost:8501/static/js/index.dkY5s53S.js:182
[  293268ms] [ERROR] Failed to load resource: net::ERR_CONNECTION_REFUSED @ http://localhost:8501/_stcore/host-config:0
[  295271ms] [ERROR] Failed to load resource: net::ERR_CONNECTION_REFUSED @ http://localhost:8501/_stcore/health:0
[  295272ms] [ERROR] Client Error in reaching server endpoint - No response received when attempting to reach /_stcore/health @ http://localhost:8501/static/js/index.dkY5s53S.js:182
[  295272ms] [ERROR] Failed to load resource: net::ERR_CONNECTION_REFUSED @ http://localhost:8501/_stcore/host-config:0
[  297276ms] [ERROR] Failed to load resource: net::ERR_CONNECTION_REFUSED @ http://localhost:8501/_stcore/health:0
[  297276ms] [ERROR] Client Error in reaching server endpoint - No response received when attempting to reach /_stcore/health @ http://localhost:8501/static/js/index.dkY5s53S.js:182
[  297276ms] [ERROR] Failed to load resource: net::ERR_CONNECTION_REFUSED @ http://localhost:8501/_stcore/host-config:0
[  299281ms] [ERROR] Failed to load resource: net::ERR_CONNECTION_REFUSED @ http://localhost:8501/_stcore/health:0
[  299281ms] [ERROR] Client Error in reaching server endpoint - No response received when attempting to reach /_stcore/health @ http://localhost:8501/static/js/index.dkY5s53S.js:182
[  299281ms] [ERROR] Failed to load resource: net::ERR_CONNECTION_REFUSED @ http://localhost:8501/_stcore/host-config:0
[  301286ms] [ERROR] Failed to load resource: net::ERR_CONNECTION_REFUSED @ http://localhost:8501/_stcore/health:0
[  301286ms] [ERROR] Client Error in reaching server endpoint - No response received when attempting to reach /_stcore/health @ http://localhost:8501/static/js/index.dkY5s53S.js:182
[  301287ms] [ERROR] Failed to load resource: net::ERR_CONNECTION_REFUSED @ http://localhost:8501/_stcore/host-config:0
[  303289ms] [ERROR] Failed to load resource: net::ERR_CONNECTION_REFUSED @ http://localhost:8501/_stcore/health:0
[  303289ms] [ERROR] Client Error in reaching server endpoint - No response received when attempting to reach /_stcore/health @ http://localhost:8501/static/js/index.dkY5s53S.js:182
[  303289ms] [ERROR] Failed to load resource: net::ERR_CONNECTION_REFUSED @ http://localhost:8501/_stcore/host-config:0
[  305293ms] [ERROR] Failed to load resource: net::ERR_CONNECTION_REFUSED @ http://localhost:8501/_stcore/health:0
[  305293ms] [ERROR] Client Error in reaching server endpoint - No response received when attempting to reach /_stcore/health @ http://localhost:8501/static/js/index.dkY5s53S.js:182
[  305294ms] [ERROR] Failed to load resource: net::ERR_CONNECTION_REFUSED @ http://localhost:8501/_stcore/host-config:0
[  307297ms] [ERROR] Failed to load resource: net::ERR_CONNECTION_REFUSED @ http://localhost:8501/_stcore/health:0
[  307297ms] [ERROR] Client Error in reaching server endpoint - No response received when attempting to reach /_stcore/health @ http://localhost:8501/static/js/index.dkY5s53S.js:182
[  307297ms] [ERROR] Failed to load resource: net::ERR_CONNECTION_REFUSED @ http://localhost:8501/_stcore/host-config:0
[  309300ms] [ERROR] Failed to load resource: net::ERR_CONNECTION_REFUSED @ http://localhost:8501/_stcore/health:0
[  309300ms] [ERROR] Client Error in reaching server endpoint - No response received when attempting to reach /_stcore/health @ http://localhost:8501/static/js/index.dkY5s53S.js:182
[  309301ms] [ERROR] Failed to load resource: net::ERR_CONNECTION_REFUSED @ http://localhost:8501/_stcore/host-config:0
[  311305ms] [ERROR] Failed to load resource: net::ERR_CONNECTION_REFUSED @ http://localhost:8501/_stcore/health:0
[  311305ms] [ERROR] Client Error in reaching server endpoint - No response received when attempting to reach /_stcore/health @ http://localhost:8501/static/js/index.dkY5s53S.js:182
[  311305ms] [ERROR] Failed to load resource: net::ERR_CONNECTION_REFUSED @ http://localhost:8501/_stcore/host-config:0
[  313310ms] [ERROR] Failed to load resource: net::ERR_CONNECTION_REFUSED @ http://localhost:8501/_stcore/health:0
[  313310ms] [ERROR] Client Error in reaching server endpoint - No response received when attempting to reach /_stcore/health @ http://localhost:8501/static/js/index.dkY5s53S.js:182
[  313310ms] [ERROR] Failed to load resource: net::ERR_CONNECTION_REFUSED @ http://localhost:8501/_stcore/host-config:0
[  315314ms] [ERROR] Failed to load resource: net::ERR_CONNECTION_REFUSED @ http://localhost:8501/_stcore/health:0
[  315314ms] [ERROR] Client Error in reaching server endpoint - No response received when attempting to reach /_stcore/health @ http://localhost:8501/static/js/index.dkY5s53S.js:182
[  315314ms] [ERROR] Failed to load resource: net::ERR_CONNECTION_REFUSED @ http://localhost:8501/_stcore/host-config:0
[  317318ms] [ERROR] Failed to load resource: net::ERR_CONNECTION_REFUSED @ http://localhost:8501/_stcore/health:0
[  317318ms] [ERROR] Client Error in reaching server endpoint - No response received when attempting to reach /_stcore/health @ http://localhost:8501/static/js/index.dkY5s53S.js:182
[  317318ms] [ERROR] Failed to load resource: net::ERR_CONNECTION_REFUSED @ http://localhost:8501/_stcore/host-config:0
[  319322ms] [ERROR] Failed to load resource: net::ERR_CONNECTION_REFUSED @ http://localhost:8501/_stcore/health:0
[  319322ms] [ERROR] Client Error in reaching server endpoint - No response received when attempting to reach /_stcore/health @ http://localhost:8501/static/js/index.dkY5s53S.js:182
[  319322ms] [ERROR] Failed to load resource: net::ERR_CONNECTION_REFUSED @ http://localhost:8501/_stcore/host-config:0
[  321326ms] [ERROR] Failed to load resource: net::ERR_CONNECTION_REFUSED @ http://localhost:8501/_stcore/health:0
[  321326ms] [ERROR] Client Error in reaching server endpoint - No response received when attempting to reach /_stcore/health @ http://localhost:8501/static/js/index.dkY5s53S.js:182
[  321327ms] [ERROR] Failed to load resource: net::ERR_CONNECTION_REFUSED @ http://localhost:8501/_stcore/host-config:0
[  323330ms] [ERROR] Failed to load resource: net::ERR_CONNECTION_REFUSED @ http://localhost:8501/_stcore/health:0
[  323330ms] [ERROR] Client Error in reaching server endpoint - No response received when attempting to reach /_stcore/health @ http://localhost:8501/static/js/index.dkY5s53S.js:182
[  323331ms] [ERROR] Failed to load resource: net::ERR_CONNECTION_REFUSED @ http://localhost:8501/_stcore/host-config:0
[  325334ms] [ERROR] Failed to load resource: net::ERR_CONNECTION_REFUSED @ http://localhost:8501/_stcore/health:0
[  325334ms] [ERROR] Client Error in reaching server endpoint - No response received when attempting to reach /_stcore/health @ http://localhost:8501/static/js/index.dkY5s53S.js:182
[  325334ms] [ERROR] Failed to load resource: net::ERR_CONNECTION_REFUSED @ http://localhost:8501/_stcore/host-config:0
[  327338ms] [ERROR] Failed to load resource: net::ERR_CONNECTION_REFUSED @ http://localhost:8501/_stcore/health:0
[  327338ms] [ERROR] Client Error in reaching server endpoint - No response received when attempting to reach /_stcore/health @ http://localhost:8501/static/js/index.dkY5s53S.js:182
[  327339ms] [ERROR] Failed to load resource: net::ERR_CONNECTION_REFUSED @ http://localhost:8501/_stcore/host-config:0
[  329343ms] [ERROR] Failed to load resource: net::ERR_CONNECTION_REFUSED @ http://localhost:8501/_stcore/health:0
[  329343ms] [ERROR] Client Error in reaching server endpoint - No response received when attempting to reach /_stcore/health @ http://localhost:8501/static/js/index.dkY5s53S.js:182
[  329343ms] [ERROR] Failed to load resource: net::ERR_CONNECTION_REFUSED @ http://localhost:8501/_stcore/host-config:0
[  331346ms] [ERROR] Failed to load resource: net::ERR_CONNECTION_REFUSED @ http://localhost:8501/_stcore/health:0
[  331346ms] [ERROR] Client Error in reaching server endpoint - No response received when attempting to reach /_stcore/health @ http://localhost:8501/static/js/index.dkY5s53S.js:182
[  331346ms] [ERROR] Failed to load resource: net::ERR_CONNECTION_REFUSED @ http://localhost:8501/_stcore/host-config:0
[  333350ms] [ERROR] Failed to load resource: net::ERR_CONNECTION_REFUSED @ http://localhost:8501/_stcore/health:0
[  333350ms] [ERROR] Client Error in reaching server endpoint - No response received when attempting to reach /_stcore/health @ http://localhost:8501/static/js/index.dkY5s53S.js:182
[  333350ms] [ERROR] Failed to load resource: net::ERR_CONNECTION_REFUSED @ http://localhost:8501/_stcore/host-config:0
[  335354ms] [ERROR] Failed to load resource: net::ERR_CONNECTION_REFUSED @ http://localhost:8501/_stcore/health:0
[  335354ms] [ERROR] Client Error in reaching server endpoint - No response received when attempting to reach /_stcore/health @ http://localhost:8501/static/js/index.dkY5s53S.js:182
[  335355ms] [ERROR] Failed to load resource: net::ERR_CONNECTION_REFUSED @ http://localhost:8501/_stcore/host-config:0
[  337360ms] [ERROR] Failed to load resource: net::ERR_CONNECTION_REFUSED @ http://localhost:8501/_stcore/health:0
[  337360ms] [ERROR] Client Error in reaching server endpoint - No response received when attempting to reach /_stcore/health @ http://localhost:8501/static/js/index.dkY5s53S.js:182
[  337360ms] [ERROR] Failed to load resource: net::ERR_CONNECTION_REFUSED @ http://localhost:8501/_stcore/host-config:0
[  339363ms] [ERROR] Failed to load resource: net::ERR_CONNECTION_REFUSED @ http://localhost:8501/_stcore/health:0
[  339364ms] [ERROR] Client Error in reaching server endpoint - No response received when attempting to reach /_stcore/health @ http://localhost:8501/static/js/index.dkY5s53S.js:182
[  339364ms] [ERROR] Failed to load resource: net::ERR_CONNECTION_REFUSED @ http://localhost:8501/_stcore/host-config:0
[  341368ms] [ERROR] Failed to load resource: net::ERR_CONNECTION_REFUSED @ http://localhost:8501/_stcore/health:0
[  341368ms] [ERROR] Client Error in reaching server endpoint - No response received when attempting to reach /_stcore/health @ http://localhost:8501/static/js/index.dkY5s53S.js:182
[  341368ms] [ERROR] Failed to load resource: net::ERR_CONNECTION_REFUSED @ http://localhost:8501/_stcore/host-config:0
[  343371ms] [ERROR] Failed to load resource: net::ERR_CONNECTION_REFUSED @ http://localhost:8501/_stcore/health:0
[  343372ms] [ERROR] Client Error in reaching server endpoint - No response received when attempting to reach /_stcore/health @ http://localhost:8501/static/js/index.dkY5s53S.js:182
[  343372ms] [ERROR] Failed to load resource: net::ERR_CONNECTION_REFUSED @ http://localhost:8501/_stcore/host-config:0
[  345376ms] [ERROR] Failed to load resource: net::ERR_CONNECTION_REFUSED @ http://localhost:8501/_stcore/health:0
[  345376ms] [ERROR] Client Error in reaching server endpoint - No response received when attempting to reach /_stcore/health @ http://localhost:8501/static/js/index.dkY5s53S.js:182
[  345377ms] [ERROR] Failed to load resource: net::ERR_CONNECTION_REFUSED @ http://localhost:8501/_stcore/host-config:0
[  347380ms] [ERROR] Failed to load resource: net::ERR_CONNECTION_REFUSED @ http://localhost:8501/_stcore/health:0
[  347380ms] [ERROR] Client Error in reaching server endpoint - No response received when attempting to reach /_stcore/health @ http://localhost:8501/static/js/index.dkY5s53S.js:182
[  347380ms] [ERROR] Failed to load resource: net::ERR_CONNECTION_REFUSED @ http://localhost:8501/_stcore/host-config:0
[  349384ms] [ERROR] Failed to load resource: net::ERR_CONNECTION_REFUSED @ http://localhost:8501/_stcore/health:0
[  349384ms] [ERROR] Client Error in reaching server endpoint - No response received when attempting to reach /_stcore/health @ http://localhost:8501/static/js/index.dkY5s53S.js:182
[  349384ms] [ERROR] Failed to load resource: net::ERR_CONNECTION_REFUSED @ http://localhost:8501/_stcore/host-config:0
[  351388ms] [ERROR] Failed to load resource: net::ERR_CONNECTION_REFUSED @ http://localhost:8501/_stcore/health:0
[  351389ms] [ERROR] Client Error in reaching server endpoint - No response received when attempting to reach /_stcore/health @ http://localhost:8501/static/js/index.dkY5s53S.js:182
[  351389ms] [ERROR] Failed to load resource: net::ERR_CONNECTION_REFUSED @ http://localhost:8501/_stcore/host-config:0
[  353393ms] [ERROR] Failed to load resource: net::ERR_CONNECTION_REFUSED @ http://localhost:8501/_stcore/health:0
[  353393ms] [ERROR] Client Error in reaching server endpoint - No response received when attempting to reach /_stcore/health @ http://localhost:8501/static/js/index.dkY5s53S.js:182
[  353393ms] [ERROR] Failed to load resource: net::ERR_CONNECTION_REFUSED @ http://localhost:8501/_stcore/host-config:0
[  355396ms] [ERROR] Failed to load resource: net::ERR_CONNECTION_REFUSED @ http://localhost:8501/_stcore/health:0
[  355396ms] [ERROR] Client Error in reaching server endpoint - No response received when attempting to reach /_stcore/health @ http://localhost:8501/static/js/index.dkY5s53S.js:182
[  355397ms] [ERROR] Failed to load resource: net::ERR_CONNECTION_REFUSED @ http://localhost:8501/_stcore/host-config:0
[  357401ms] [ERROR] Failed to load resource: net::ERR_CONNECTION_REFUSED @ http://localhost:8501/_stcore/health:0
[  357401ms] [ERROR] Client Error in reaching server endpoint - No response received when attempting to reach /_stcore/health @ http://localhost:8501/static/js/index.dkY5s53S.js:182
[  357403ms] [ERROR] Failed to load resource: net::ERR_CONNECTION_REFUSED @ http://localhost:8501/_stcore/host-config:0
[  359405ms] [ERROR] Failed to load resource: net::ERR_CONNECTION_REFUSED @ http://localhost:8501/_stcore/health:0
[  359405ms] [ERROR] Client Error in reaching server endpoint - No response received when attempting to reach /_stcore/health @ http://localhost:8501/static/js/index.dkY5s53S.js:182
[  359405ms] [ERROR] Failed to load resource: net::ERR_CONNECTION_REFUSED @ http://localhost:8501/_stcore/host-config:0
[  361409ms] [ERROR] Failed to load resource: net::ERR_CONNECTION_REFUSED @ http://localhost:8501/_stcore/health:0
[  361409ms] [ERROR] Client Error in reaching server endpoint - No response received when attempting to reach /_stcore/health @ http://localhost:8501/static/js/index.dkY5s53S.js:182
[  361409ms] [ERROR] Failed to load resource: net::ERR_CONNECTION_REFUSED @ http://localhost:8501/_stcore/host-config:0
[  363413ms] [ERROR] Failed to load resource: net::ERR_CONNECTION_REFUSED @ http://localhost:8501/_stcore/health:0
[  363413ms] [ERROR] Client Error in reaching server endpoint - No response received when attempting to reach /_stcore/health @ http://localhost:8501/static/js/index.dkY5s53S.js:182
[  363413ms] [ERROR] Failed to load resource: net::ERR_CONNECTION_REFUSED @ http://localhost:8501/_stcore/host-config:0
[  365417ms] [ERROR] Failed to load resource: net::ERR_CONNECTION_REFUSED @ http://localhost:8501/_stcore/health:0
[  365417ms] [ERROR] Client Error in reaching server endpoint - No response received when attempting to reach /_stcore/health @ http://localhost:8501/static/js/index.dkY5s53S.js:182
[  365417ms] [ERROR] Failed to load resource: net::ERR_CONNECTION_REFUSED @ http://localhost:8501/_stcore/host-config:0
[  367421ms] [ERROR] Failed to load resource: net::ERR_CONNECTION_REFUSED @ http://localhost:8501/_stcore/health:0
[  367421ms] [ERROR] Client Error in reaching server endpoint - No response received when attempting to reach /_stcore/health @ http://localhost:8501/static/js/index.dkY5s53S.js:182
[  367422ms] [ERROR] Failed to load resource: net::ERR_CONNECTION_REFUSED @ http://localhost:8501/_stcore/host-config:0
[  369425ms] [ERROR] Failed to load resource: net::ERR_CONNECTION_REFUSED @ http://localhost:8501/_stcore/health:0
[  369426ms] [ERROR] Client Error in reaching server endpoint - No response received when attempting to reach /_stcore/health @ http://localhost:8501/static/js/index.dkY5s53S.js:182
[  369427ms] [ERROR] Failed to load resource: net::ERR_CONNECTION_REFUSED @ http://localhost:8501/_stcore/host-config:0
[  371429ms] [ERROR] Failed to load resource: net::ERR_CONNECTION_REFUSED @ http://localhost:8501/_stcore/health:0
[  371430ms] [ERROR] Client Error in reaching server endpoint - No response received when attempting to reach /_stcore/health @ http://localhost:8501/static/js/index.dkY5s53S.js:182
[  371430ms] [ERROR] Failed to load resource: net::ERR_CONNECTION_REFUSED @ http://localhost:8501/_stcore/host-config:0
[  373434ms] [ERROR] Failed to load resource: net::ERR_CONNECTION_REFUSED @ http://localhost:8501/_stcore/health:0
[  373434ms] [ERROR] Client Error in reaching server endpoint - No response received when attempting to reach /_stcore/health @ http://localhost:8501/static/js/index.dkY5s53S.js:182
[  373435ms] [ERROR] Failed to load resource: net::ERR_CONNECTION_REFUSED @ http://localhost:8501/_stcore/host-config:0
[  375438ms] [ERROR] Failed to load resource: net::ERR_CONNECTION_REFUSED @ http://localhost:8501/_stcore/health:0
[  375438ms] [ERROR] Client Error in reaching server endpoint - No response received when attempting to reach /_stcore/health @ http://localhost:8501/static/js/index.dkY5s53S.js:182
[  375438ms] [ERROR] Failed to load resource: net::ERR_CONNECTION_REFUSED @ http://localhost:8501/_stcore/host-config:0
[  377442ms] [ERROR] Failed to load resource: net::ERR_CONNECTION_REFUSED @ http://localhost:8501/_stcore/health:0
[  377442ms] [ERROR] Client Error in reaching server endpoint - No response received when attempting to reach /_stcore/health @ http://localhost:8501/static/js/index.dkY5s53S.js:182
[  377442ms] [ERROR] Failed to load resource: net::ERR_CONNECTION_REFUSED @ http://localhost:8501/_stcore/host-config:0
[  379445ms] [ERROR] Failed to load resource: net::ERR_CONNECTION_REFUSED @ http://localhost:8501/_stcore/health:0
[  379445ms] [ERROR] Client Error in reaching server endpoint - No response received when attempting to reach /_stcore/health @ http://localhost:8501/static/js/index.dkY5s53S.js:182
[  379446ms] [ERROR] Failed to load resource: net::ERR_CONNECTION_REFUSED @ http://localhost:8501/_stcore/host-config:0
[  381450ms] [ERROR] Failed to load resource: net::ERR_CONNECTION_REFUSED @ http://localhost:8501/_stcore/health:0
[  381450ms] [ERROR] Client Error in reaching server endpoint - No response received when attempting to reach /_stcore/health @ http://localhost:8501/static/js/index.dkY5s53S.js:182
[  381451ms] [ERROR] Failed to load resource: net::ERR_CONNECTION_REFUSED @ http://localhost:8501/_stcore/host-config:0
[  383454ms] [ERROR] Failed to load resource: net::ERR_CONNECTION_REFUSED @ http://localhost:8501/_stcore/health:0
[  383454ms] [ERROR] Client Error in reaching server endpoint - No response received when attempting to reach /_stcore/health @ http://localhost:8501/static/js/index.dkY5s53S.js:182
[  383454ms] [ERROR] Failed to load resource: net::ERR_CONNECTION_REFUSED @ http://localhost:8501/_stcore/host-config:0
[  385459ms] [ERROR] Failed to load resource: net::ERR_CONNECTION_REFUSED @ http://localhost:8501/_stcore/health:0
[  385459ms] [ERROR] Client Error in reaching server endpoint - No response received when attempting to reach /_stcore/health @ http://localhost:8501/static/js/index.dkY5s53S.js:182
[  385459ms] [ERROR] Failed to load resource: net::ERR_CONNECTION_REFUSED @ http://localhost:8501/_stcore/host-config:0
[  387464ms] [ERROR] Failed to load resource: net::ERR_CONNECTION_REFUSED @ http://localhost:8501/_stcore/health:0
[  387464ms] [ERROR] Client Error in reaching server endpoint - No response received when attempting to reach /_stcore/health @ http://localhost:8501/static/js/index.dkY5s53S.js:182
[  387464ms] [ERROR] Failed to load resource: net::ERR_CONNECTION_REFUSED @ http://localhost:8501/_stcore/host-config:0
[  389469ms] [ERROR] Failed to load resource: net::ERR_CONNECTION_REFUSED @ http://localhost:8501/_stcore/health:0
[  389469ms] [ERROR] Client Error in reaching server endpoint - No response received when attempting to reach /_stcore/health @ http://localhost:8501/static/js/index.dkY5s53S.js:182
[  389470ms] [ERROR] Failed to load resource: net::ERR_CONNECTION_REFUSED @ http://localhost:8501/_stcore/host-config:0
[  391473ms] [ERROR] Failed to load resource: net::ERR_CONNECTION_REFUSED @ http://localhost:8501/_stcore/health:0
[  391473ms] [ERROR] Client Error in reaching server endpoint - No response received when attempting to reach /_stcore/health @ http://localhost:8501/static/js/index.dkY5s53S.js:182
[  391473ms] [ERROR] Failed to load resource: net::ERR_CONNECTION_REFUSED @ http://localhost:8501/_stcore/host-config:0
[  393478ms] [ERROR] Failed to load resource: net::ERR_CONNECTION_REFUSED @ http://localhost:8501/_stcore/health:0
[  393478ms] [ERROR] Client Error in reaching server endpoint - No response received when attempting to reach /_stcore/health @ http://localhost:8501/static/js/index.dkY5s53S.js:182
[  393479ms] [ERROR] Failed to load resource: net::ERR_CONNECTION_REFUSED @ http://localhost:8501/_stcore/host-config:0
[  395484ms] [ERROR] Failed to load resource: net::ERR_CONNECTION_REFUSED @ http://localhost:8501/_stcore/health:0
[  395484ms] [ERROR] Client Error in reaching server endpoint - No response received when attempting to reach /_stcore/health @ http://localhost:8501/static/js/index.dkY5s53S.js:182
[  395486ms] [ERROR] Failed to load resource: net::ERR_CONNECTION_REFUSED @ http://localhost:8501/_stcore/host-config:0
[  397489ms] [ERROR] Failed to load resource: net::ERR_CONNECTION_REFUSED @ http://localhost:8501/_stcore/health:0
[  397489ms] [ERROR] Client Error in reaching server endpoint - No response received when attempting to reach /_stcore/health @ http://localhost:8501/static/js/index.dkY5s53S.js:182
[  397490ms] [ERROR] Failed to load resource: net::ERR_CONNECTION_REFUSED @ http://localhost:8501/_stcore/host-config:0
[  399495ms] [ERROR] Failed to load resource: net::ERR_CONNECTION_REFUSED @ http://localhost:8501/_stcore/health:0
[  399495ms] [ERROR] Client Error in reaching server endpoint - No response received when attempting to reach /_stcore/health @ http://localhost:8501/static/js/index.dkY5s53S.js:182
[  399496ms] [ERROR] Failed to load resource: net::ERR_CONNECTION_REFUSED @ http://localhost:8501/_stcore/host-config:0
[  401503ms] [ERROR] Failed to load resource: net::ERR_CONNECTION_REFUSED @ http://localhost:8501/_stcore/health:0
[  401503ms] [ERROR] Client Error in reaching server endpoint - No response received when attempting to reach /_stcore/health @ http://localhost:8501/static/js/index.dkY5s53S.js:182
[  401504ms] [ERROR] Failed to load resource: net::ERR_CONNECTION_REFUSED @ http://localhost:8501/_stcore/host-config:0
[  403508ms] [ERROR] Failed to load resource: net::ERR_CONNECTION_REFUSED @ http://localhost:8501/_stcore/health:0
[  403508ms] [ERROR] Client Error in reaching server endpoint - No response received when attempting to reach /_stcore/health @ http://localhost:8501/static/js/index.dkY5s53S.js:182
[  403508ms] [ERROR] Failed to load resource: net::ERR_CONNECTION_REFUSED @ http://localhost:8501/_stcore/host-config:0
[  405512ms] [ERROR] Failed to load resource: net::ERR_CONNECTION_REFUSED @ http://localhost:8501/_stcore/health:0
[  405513ms] [ERROR] Client Error in reaching server endpoint - No response received when attempting to reach /_stcore/health @ http://localhost:8501/static/js/index.dkY5s53S.js:182
[  405513ms] [ERROR] Failed to load resource: net::ERR_CONNECTION_REFUSED @ http://localhost:8501/_stcore/host-config:0
[  407519ms] [ERROR] Failed to load resource: net::ERR_CONNECTION_REFUSED @ http://localhost:8501/_stcore/health:0
[  407519ms] [ERROR] Client Error in reaching server endpoint - No response received when attempting to reach /_stcore/health @ http://localhost:8501/static/js/index.dkY5s53S.js:182
[  407520ms] [ERROR] Failed to load resource: net::ERR_CONNECTION_REFUSED @ http://localhost:8501/_stcore/host-config:0
[  409524ms] [ERROR] Failed to load resource: net::ERR_CONNECTION_REFUSED @ http://localhost:8501/_stcore/health:0
[  409524ms] [ERROR] Client Error in reaching server endpoint - No response received when attempting to reach /_stcore/health @ http://localhost:8501/static/js/index.dkY5s53S.js:182
[  409524ms] [ERROR] Failed to load resource: net::ERR_CONNECTION_REFUSED @ http://localhost:8501/_stcore/host-config:0
[  411529ms] [ERROR] Failed to load resource: net::ERR_CONNECTION_REFUSED @ http://localhost:8501/_stcore/health:0
[  411529ms] [ERROR] Client Error in reaching server endpoint - No response received when attempting to reach /_stcore/health @ http://localhost:8501/static/js/index.dkY5s53S.js:182
[  411529ms] [ERROR] Failed to load resource: net::ERR_CONNECTION_REFUSED @ http://localhost:8501/_stcore/host-config:0
[  413533ms] [ERROR] Failed to load resource: net::ERR_CONNECTION_REFUSED @ http://localhost:8501/_stcore/health:0
[  413533ms] [ERROR] Client Error in reaching server endpoint - No response received when attempting to reach /_stcore/health @ http://localhost:8501/static/js/index.dkY5s53S.js:182
[  413533ms] [ERROR] Failed to load resource: net::ERR_CONNECTION_REFUSED @ http://localhost:8501/_stcore/host-config:0
[  415537ms] [ERROR] Failed to load resource: net::ERR_CONNECTION_REFUSED @ http://localhost:8501/_stcore/health:0
[  415537ms] [ERROR] Client Error in reaching server endpoint - No response received when attempting to reach /_stcore/health @ http://localhost:8501/static/js/index.dkY5s53S.js:182
[  415538ms] [ERROR] Failed to load resource: net::ERR_CONNECTION_REFUSED @ http://localhost:8501/_stcore/host-config:0
[  417543ms] [ERROR] Failed to load resource: net::ERR_CONNECTION_REFUSED @ http://localhost:8501/_stcore/health:0
[  417543ms] [ERROR] Client Error in reaching server endpoint - No response received when attempting to reach /_stcore/health @ http://localhost:8501/static/js/index.dkY5s53S.js:182
[  417543ms] [ERROR] Failed to load resource: net::ERR_CONNECTION_REFUSED @ http://localhost:8501/_stcore/host-config:0
[  419548ms] [ERROR] Failed to load resource: net::ERR_CONNECTION_REFUSED @ http://localhost:8501/_stcore/health:0
[  419548ms] [ERROR] Client Error in reaching server endpoint - No response received when attempting to reach /_stcore/health @ http://localhost:8501/static/js/index.dkY5s53S.js:182
[  419549ms] [ERROR] Failed to load resource: net::ERR_CONNECTION_REFUSED @ http://localhost:8501/_stcore/host-config:0
[  421552ms] [ERROR] Failed to load resource: net::ERR_CONNECTION_REFUSED @ http://localhost:8501/_stcore/health:0
[  421552ms] [ERROR] Client Error in reaching server endpoint - No response received when attempting to reach /_stcore/health @ http://localhost:8501/static/js/index.dkY5s53S.js:182
[  421553ms] [ERROR] Failed to load resource: net::ERR_CONNECTION_REFUSED @ http://localhost:8501/_stcore/host-config:0
[  423557ms] [ERROR] Failed to load resource: net::ERR_CONNECTION_REFUSED @ http://localhost:8501/_stcore/health:0
[  423557ms] [ERROR] Client Error in reaching server endpoint - No response received when attempting to reach /_stcore/health @ http://localhost:8501/static/js/index.dkY5s53S.js:182
[  423557ms] [ERROR] Failed to load resource: net::ERR_CONNECTION_REFUSED @ http://localhost:8501/_stcore/host-config:0
[  425562ms] [ERROR] Failed to load resource: net::ERR_CONNECTION_REFUSED @ http://localhost:8501/_stcore/health:0
[  425563ms] [ERROR] Client Error in reaching server endpoint - No response received when attempting to reach /_stcore/health @ http://localhost:8501/static/js/index.dkY5s53S.js:182
[  425563ms] [ERROR] Failed to load resource: net::ERR_CONNECTION_REFUSED @ http://localhost:8501/_stcore/host-config:0
[  427568ms] [ERROR] Failed to load resource: net::ERR_CONNECTION_REFUSED @ http://localhost:8501/_stcore/health:0
[  427569ms] [ERROR] Client Error in reaching server endpoint - No response received when attempting to reach /_stcore/health @ http://localhost:8501/static/js/index.dkY5s53S.js:182
[  427569ms] [ERROR] Failed to load resource: net::ERR_CONNECTION_REFUSED @ http://localhost:8501/_stcore/host-config:0
[  429574ms] [ERROR] Failed to load resource: net::ERR_CONNECTION_REFUSED @ http://localhost:8501/_stcore/health:0
[  429574ms] [ERROR] Client Error in reaching server endpoint - No response received when attempting to reach /_stcore/health @ http://localhost:8501/static/js/index.dkY5s53S.js:182
[  429574ms] [ERROR] Failed to load resource: net::ERR_CONNECTION_REFUSED @ http://localhost:8501/_stcore/host-config:0
[  431578ms] [ERROR] Failed to load resource: net::ERR_CONNECTION_REFUSED @ http://localhost:8501/_stcore/health:0
[  431578ms] [ERROR] Client Error in reaching server endpoint - No response received when attempting to reach /_stcore/health @ http://localhost:8501/static/js/index.dkY5s53S.js:182
[  431579ms] [ERROR] Failed to load resource: net::ERR_CONNECTION_REFUSED @ http://localhost:8501/_stcore/host-config:0
[  433585ms] [ERROR] Failed to load resource: net::ERR_CONNECTION_REFUSED @ http://localhost:8501/_stcore/health:0
[  433585ms] [ERROR] Client Error in reaching server endpoint - No response received when attempting to reach /_stcore/health @ http://localhost:8501/static/js/index.dkY5s53S.js:182
[  433586ms] [ERROR] Failed to load resource: net::ERR_CONNECTION_REFUSED @ http://localhost:8501/_stcore/host-config:0
[  435589ms] [ERROR] Failed to load resource: net::ERR_CONNECTION_REFUSED @ http://localhost:8501/_stcore/health:0
[  435589ms] [ERROR] Client Error in reaching server endpoint - No response received when attempting to reach /_stcore/health @ http://localhost:8501/static/js/index.dkY5s53S.js:182
[  435589ms] [ERROR] Failed to load resource: net::ERR_CONNECTION_REFUSED @ http://localhost:8501/_stcore/host-config:0
[  437595ms] [ERROR] Failed to load resource: net::ERR_CONNECTION_REFUSED @ http://localhost:8501/_stcore/health:0
[  437595ms] [ERROR] Client Error in reaching server endpoint - No response received when attempting to reach /_stcore/health @ http://localhost:8501/static/js/index.dkY5s53S.js:182
[  437595ms] [ERROR] Failed to load resource: net::ERR_CONNECTION_REFUSED @ http://localhost:8501/_stcore/host-config:0
[  439600ms] [ERROR] Failed to load resource: net::ERR_CONNECTION_REFUSED @ http://localhost:8501/_stcore/health:0
[  439600ms] [ERROR] Client Error in reaching server endpoint - No response received when attempting to reach /_stcore/health @ http://localhost:8501/static/js/index.dkY5s53S.js:182
[  439601ms] [ERROR] Failed to load resource: net::ERR_CONNECTION_REFUSED @ http://localhost:8501/_stcore/host-config:0
[  441605ms] [ERROR] Failed to load resource: net::ERR_CONNECTION_REFUSED @ http://localhost:8501/_stcore/health:0
[  441605ms] [ERROR] Client Error in reaching server endpoint - No response received when attempting to reach /_stcore/health @ http://localhost:8501/static/js/index.dkY5s53S.js:182
[  441606ms] [ERROR] Failed to load resource: net::ERR_CONNECTION_REFUSED @ http://localhost:8501/_stcore/host-config:0
[  443611ms] [ERROR] Failed to load resource: net::ERR_CONNECTION_REFUSED @ http://localhost:8501/_stcore/health:0
[  443611ms] [ERROR] Client Error in reaching server endpoint - No response received when attempting to reach /_stcore/health @ http://localhost:8501/static/js/index.dkY5s53S.js:182
[  443611ms] [ERROR] Failed to load resource: net::ERR_CONNECTION_REFUSED @ http://localhost:8501/_stcore/host-config:0
[  445617ms] [ERROR] Failed to load resource: net::ERR_CONNECTION_REFUSED @ http://localhost:8501/_stcore/health:0
[  445617ms] [ERROR] Client Error in reaching server endpoint - No response received when attempting to reach /_stcore/health @ http://localhost:8501/static/js/index.dkY5s53S.js:182
[  445618ms] [ERROR] Failed to load resource: net::ERR_CONNECTION_REFUSED @ http://localhost:8501/_stcore/host-config:0
[  447622ms] [ERROR] Failed to load resource: net::ERR_CONNECTION_REFUSED @ http://localhost:8501/_stcore/health:0
[  447622ms] [ERROR] Client Error in reaching server endpoint - No response received when attempting to reach /_stcore/health @ http://localhost:8501/static/js/index.dkY5s53S.js:182
[  447623ms] [ERROR] Failed to load resource: net::ERR_CONNECTION_REFUSED @ http://localhost:8501/_stcore/host-config:0
[  449628ms] [ERROR] Failed to load resource: net::ERR_CONNECTION_REFUSED @ http://localhost:8501/_stcore/health:0
[  449628ms] [ERROR] Client Error in reaching server endpoint - No response received when attempting to reach /_stcore/health @ http://localhost:8501/static/js/index.dkY5s53S.js:182
[  449628ms] [ERROR] Failed to load resource: net::ERR_CONNECTION_REFUSED @ http://localhost:8501/_stcore/host-config:0
[  451633ms] [ERROR] Failed to load resource: net::ERR_CONNECTION_REFUSED @ http://localhost:8501/_stcore/health:0
[  451633ms] [ERROR] Client Error in reaching server endpoint - No response received when attempting to reach /_stcore/health @ http://localhost:8501/static/js/index.dkY5s53S.js:182
[  451635ms] [ERROR] Failed to load resource: net::ERR_CONNECTION_REFUSED @ http://localhost:8501/_stcore/host-config:0
[  453640ms] [ERROR] Failed to load resource: net::ERR_CONNECTION_REFUSED @ http://localhost:8501/_stcore/health:0
[  453640ms] [ERROR] Client Error in reaching server endpoint - No response received when attempting to reach /_stcore/health @ http://localhost:8501/static/js/index.dkY5s53S.js:182
[  453641ms] [ERROR] Failed to load resource: net::ERR_CONNECTION_REFUSED @ http://localhost:8501/_stcore/host-config:0
[  455645ms] [ERROR] Failed to load resource: net::ERR_CONNECTION_REFUSED @ http://localhost:8501/_stcore/health:0
[  455646ms] [ERROR] Client Error in reaching server endpoint - No response received when attempting to reach /_stcore/health @ http://localhost:8501/static/js/index.dkY5s53S.js:182
[  455646ms] [ERROR] Failed to load resource: net::ERR_CONNECTION_REFUSED @ http://localhost:8501/_stcore/host-config:0
[  457652ms] [ERROR] Failed to load resource: net::ERR_CONNECTION_REFUSED @ http://localhost:8501/_stcore/health:0
[  457652ms] [ERROR] Client Error in reaching server endpoint - No response received when attempting to reach /_stcore/health @ http://localhost:8501/static/js/index.dkY5s53S.js:182
[  457652ms] [ERROR] Failed to load resource: net::ERR_CONNECTION_REFUSED @ http://localhost:8501/_stcore/host-config:0
[  459659ms] [ERROR] Failed to load resource: net::ERR_CONNECTION_REFUSED @ http://localhost:8501/_stcore/health:0
[  459659ms] [ERROR] Client Error in reaching server endpoint - No response received when attempting to reach /_stcore/health @ http://localhost:8501/static/js/index.dkY5s53S.js:182
[  459660ms] [ERROR] Failed to load resource: net::ERR_CONNECTION_REFUSED @ http://localhost:8501/_stcore/host-config:0
[  767882ms] [ERROR] Failed to load resource: net::ERR_CONNECTION_REFUSED @ http://localhost:8501/_stcore/health:0
[  767882ms] [ERROR] Client Error in reaching server endpoint - No response received when attempting to reach /_stcore/health @ http://localhost:8501/static/js/index.dkY5s53S.js:182
[  767882ms] [ERROR] Failed to load resource: net::ERR_CONNECTION_REFUSED @ http://localhost:8501/_stcore/host-config:0
[  769885ms] [ERROR] Failed to load resource: net::ERR_CONNECTION_REFUSED @ http://localhost:8501/_stcore/health:0
[  769885ms] [ERROR] Client Error in reaching server endpoint - No response received when attempting to reach /_stcore/health @ http://localhost:8501/static/js/index.dkY5s53S.js:182
[  769886ms] [ERROR] Failed to load resource: net::ERR_CONNECTION_REFUSED @ http://localhost:8501/_stcore/host-config:0
[  771940ms] [ERROR] Failed to load resource: net::ERR_CONNECTION_REFUSED @ http://localhost:8501/_stcore/health:0
[  771941ms] [ERROR] Client Error in reaching server endpoint - No response received when attempting to reach /_stcore/health @ http://localhost:8501/static/js/index.dkY5s53S.js:182
[  771941ms] [ERROR] Failed to load resource: net::ERR_CONNECTION_REFUSED @ http://localhost:8501/_stcore/host-config:0
[  773944ms] [ERROR] Failed to load resource: net::ERR_CONNECTION_REFUSED @ http://localhost:8501/_stcore/health:0
[  773945ms] [ERROR] Client Error in reaching server endpoint - No response received when attempting to reach /_stcore/health @ http://localhost:8501/static/js/index.dkY5s53S.js:182
[  773945ms] [ERROR] Failed to load resource: net::ERR_CONNECTION_REFUSED @ http://localhost:8501/_stcore/host-config:0
[  775949ms] [ERROR] Failed to load resource: net::ERR_CONNECTION_REFUSED @ http://localhost:8501/_stcore/health:0
[  775949ms] [ERROR] Client Error in reaching server endpoint - No response received when attempting to reach /_stcore/health @ http://localhost:8501/static/js/index.dkY5s53S.js:182
[  775949ms] [ERROR] Failed to load resource: net::ERR_CONNECTION_REFUSED @ http://localhost:8501/_stcore/host-config:0
[  777952ms] [ERROR] Failed to load resource: net::ERR_CONNECTION_REFUSED @ http://localhost:8501/_stcore/health:0
[  777952ms] [ERROR] Client Error in reaching server endpoint - No response received when attempting to reach /_stcore/health @ http://localhost:8501/static/js/index.dkY5s53S.js:182
[  777953ms] [ERROR] Failed to load resource: net::ERR_CONNECTION_REFUSED @ http://localhost:8501/_stcore/host-config:0
[  779956ms] [ERROR] Failed to load resource: net::ERR_CONNECTION_REFUSED @ http://localhost:8501/_stcore/health:0
[  779956ms] [ERROR] Client Error in reaching server endpoint - No response received when attempting to reach /_stcore/health @ http://localhost:8501/static/js/index.dkY5s53S.js:182
[  779956ms] [ERROR] Failed to load resource: net::ERR_CONNECTION_REFUSED @ http://localhost:8501/_stcore/host-config:0
[  781961ms] [ERROR] Failed to load resource: net::ERR_CONNECTION_REFUSED @ http://localhost:8501/_stcore/health:0
[  781961ms] [ERROR] Client Error in reaching server endpoint - No response received when attempting to reach /_stcore/health @ http://localhost:8501/static/js/index.dkY5s53S.js:182
[  781961ms] [ERROR] Failed to load resource: net::ERR_CONNECTION_REFUSED @ http://localhost:8501/_stcore/host-config:0
[  783964ms] [ERROR] Failed to load resource: net::ERR_CONNECTION_REFUSED @ http://localhost:8501/_stcore/health:0
[  783964ms] [ERROR] Client Error in reaching server endpoint - No response received when attempting to reach /_stcore/health @ http://localhost:8501/static/js/index.dkY5s53S.js:182
[  783964ms] [ERROR] Failed to load resource: net::ERR_CONNECTION_REFUSED @ http://localhost:8501/_stcore/host-config:0
[  785966ms] [ERROR] Failed to load resource: net::ERR_CONNECTION_REFUSED @ http://localhost:8501/_stcore/health:0
[  785967ms] [ERROR] Client Error in reaching server endpoint - No response received when attempting to reach /_stcore/health @ http://localhost:8501/static/js/index.dkY5s53S.js:182
[  785967ms] [ERROR] Failed to load resource: net::ERR_CONNECTION_REFUSED @ http://localhost:8501/_stcore/host-config:0
[  787971ms] [ERROR] Failed to load resource: net::ERR_CONNECTION_REFUSED @ http://localhost:8501/_stcore/health:0
[  787971ms] [ERROR] Client Error in reaching server endpoint - No response received when attempting to reach /_stcore/health @ http://localhost:8501/static/js/index.dkY5s53S.js:182
[  787971ms] [ERROR] Failed to load resource: net::ERR_CONNECTION_REFUSED @ http://localhost:8501/_stcore/host-config:0
[  789974ms] [ERROR] Failed to load resource: net::ERR_CONNECTION_REFUSED @ http://localhost:8501/_stcore/health:0
[  789974ms] [ERROR] Client Error in reaching server endpoint - No response received when attempting to reach /_stcore/health @ http://localhost:8501/static/js/index.dkY5s53S.js:182
[  789974ms] [ERROR] Failed to load resource: net::ERR_CONNECTION_REFUSED @ http://localhost:8501/_stcore/host-config:0
[  791979ms] [ERROR] Failed to load resource: net::ERR_CONNECTION_REFUSED @ http://localhost:8501/_stcore/health:0
[  791979ms] [ERROR] Client Error in reaching server endpoint - No response received when attempting to reach /_stcore/health @ http://localhost:8501/static/js/index.dkY5s53S.js:182
[  791979ms] [ERROR] Failed to load resource: net::ERR_CONNECTION_REFUSED @ http://localhost:8501/_stcore/host-config:0
[  793982ms] [ERROR] Failed to load resource: net::ERR_CONNECTION_REFUSED @ http://localhost:8501/_stcore/health:0
[  793983ms] [ERROR] Client Error in reaching server endpoint - No response received when attempting to reach /_stcore/health @ http://localhost:8501/static/js/index.dkY5s53S.js:182
[  793983ms] [ERROR] Failed to load resource: net::ERR_CONNECTION_REFUSED @ http://localhost:8501/_stcore/host-config:0
[  795988ms] [ERROR] Failed to load resource: net::ERR_CONNECTION_REFUSED @ http://localhost:8501/_stcore/health:0
[  795988ms] [ERROR] Client Error in reaching server endpoint - No response received when attempting to reach /_stcore/health @ http://localhost:8501/static/js/index.dkY5s53S.js:182
[  795988ms] [ERROR] Failed to load resource: net::ERR_CONNECTION_REFUSED @ http://localhost:8501/_stcore/host-config:0
[  797993ms] [ERROR] Failed to load resource: net::ERR_CONNECTION_REFUSED @ http://localhost:8501/_stcore/health:0
[  797993ms] [ERROR] Client Error in reaching server endpoint - No response received when attempting to reach /_stcore/health @ http://localhost:8501/static/js/index.dkY5s53S.js:182
[  797993ms] [ERROR] Failed to load resource: net::ERR_CONNECTION_REFUSED @ http://localhost:8501/_stcore/host-config:0
[  799997ms] [ERROR] Failed to load resource: net::ERR_CONNECTION_REFUSED @ http://localhost:8501/_stcore/health:0
[  799998ms] [ERROR] Client Error in reaching server endpoint - No response received when attempting to reach /_stcore/health @ http://localhost:8501/static/js/index.dkY5s53S.js:182
[  799998ms] [ERROR] Failed to load resource: net::ERR_CONNECTION_REFUSED @ http://localhost:8501/_stcore/host-config:0
[  802001ms] [ERROR] Failed to load resource: net::ERR_CONNECTION_REFUSED @ http://localhost:8501/_stcore/health:0
[  802002ms] [ERROR] Client Error in reaching server endpoint - No response received when attempting to reach /_stcore/health @ http://localhost:8501/static/js/index.dkY5s53S.js:182
[  802002ms] [ERROR] Failed to load resource: net::ERR_CONNECTION_REFUSED @ http://localhost:8501/_stcore/host-config:0
[  804004ms] [ERROR] Failed to load resource: net::ERR_CONNECTION_REFUSED @ http://localhost:8501/_stcore/health:0
[  804004ms] [ERROR] Client Error in reaching server endpoint - No response received when attempting to reach /_stcore/health @ http://localhost:8501/static/js/index.dkY5s53S.js:182
[  804005ms] [ERROR] Failed to load resource: net::ERR_CONNECTION_REFUSED @ http://localhost:8501/_stcore/host-config:0
[  806008ms] [ERROR] Failed to load resource: net::ERR_CONNECTION_REFUSED @ http://localhost:8501/_stcore/health:0
[  806008ms] [ERROR] Client Error in reaching server endpoint - No response received when attempting to reach /_stcore/health @ http://localhost:8501/static/js/index.dkY5s53S.js:182
[  806008ms] [ERROR] Failed to load resource: net::ERR_CONNECTION_REFUSED @ http://localhost:8501/_stcore/host-config:0
[  808012ms] [ERROR] Failed to load resource: net::ERR_CONNECTION_REFUSED @ http://localhost:8501/_stcore/host-config:0
[  808013ms] [ERROR] Client Error in reaching server endpoint - No response received when attempting to reach /_stcore/host-config @ http://localhost:8501/static/js/index.dkY5s53S.js:182
[  808013ms] [ERROR] Failed to load resource: net::ERR_CONNECTION_REFUSED @ http://localhost:8501/_stcore/health:0
[  810015ms] [ERROR] Failed to load resource: net::ERR_CONNECTION_REFUSED @ http://localhost:8501/_stcore/health:0
[  810015ms] [ERROR] Client Error in reaching server endpoint - No response received when attempting to reach /_stcore/health @ http://localhost:8501/static/js/index.dkY5s53S.js:182
[  810015ms] [ERROR] Failed to load resource: net::ERR_CONNECTION_REFUSED @ http://localhost:8501/_stcore/host-config:0
[  812020ms] [ERROR] Failed to load resource: net::ERR_CONNECTION_REFUSED @ http://localhost:8501/_stcore/health:0
[  812020ms] [ERROR] Client Error in reaching server endpoint - No response received when attempting to reach /_stcore/health @ http://localhost:8501/static/js/index.dkY5s53S.js:182
[  812020ms] [ERROR] Failed to load resource: net::ERR_CONNECTION_REFUSED @ http://localhost:8501/_stcore/host-config:0
[  814023ms] [ERROR] Failed to load resource: net::ERR_CONNECTION_REFUSED @ http://localhost:8501/_stcore/health:0
[  814023ms] [ERROR] Client Error in reaching server endpoint - No response received when attempting to reach /_stcore/health @ http://localhost:8501/static/js/index.dkY5s53S.js:182
[  814023ms] [ERROR] Failed to load resource: net::ERR_CONNECTION_REFUSED @ http://localhost:8501/_stcore/host-config:0
[  816027ms] [ERROR] Failed to load resource: net::ERR_CONNECTION_REFUSED @ http://localhost:8501/_stcore/health:0
[  816027ms] [ERROR] Client Error in reaching server endpoint - No response received when attempting to reach /_stcore/health @ http://localhost:8501/static/js/index.dkY5s53S.js:182
[  816027ms] [ERROR] Failed to load resource: net::ERR_CONNECTION_REFUSED @ http://localhost:8501/_stcore/host-config:0
[  818031ms] [ERROR] Failed to load resource: net::ERR_CONNECTION_REFUSED @ http://localhost:8501/_stcore/health:0
[  818031ms] [ERROR] Client Error in reaching server endpoint - No response received when attempting to reach /_stcore/health @ http://localhost:8501/static/js/index.dkY5s53S.js:182
[  818032ms] [ERROR] Failed to load resource: net::ERR_CONNECTION_REFUSED @ http://localhost:8501/_stcore/host-config:0
[  820035ms] [ERROR] Failed to load resource: net::ERR_CONNECTION_REFUSED @ http://localhost:8501/_stcore/health:0
[  820035ms] [ERROR] Client Error in reaching server endpoint - No response received when attempting to reach /_stcore/health @ http://localhost:8501/static/js/index.dkY5s53S.js:182
[  820036ms] [ERROR] Failed to load resource: net::ERR_CONNECTION_REFUSED @ http://localhost:8501/_stcore/host-config:0
[  822039ms] [ERROR] Failed to load resource: net::ERR_CONNECTION_REFUSED @ http://localhost:8501/_stcore/health:0
[  822039ms] [ERROR] Client Error in reaching server endpoint - No response received when attempting to reach /_stcore/health @ http://localhost:8501/static/js/index.dkY5s53S.js:182
[  822040ms] [ERROR] Failed to load resource: net::ERR_CONNECTION_REFUSED @ http://localhost:8501/_stcore/host-config:0
[  824042ms] [ERROR] Failed to load resource: net::ERR_CONNECTION_REFUSED @ http://localhost:8501/_stcore/health:0
[  824042ms] [ERROR] Client Error in reaching server endpoint - No response received when attempting to reach /_stcore/health @ http://localhost:8501/static/js/index.dkY5s53S.js:182
[  824042ms] [ERROR] Failed to load resource: net::ERR_CONNECTION_REFUSED @ http://localhost:8501/_stcore/host-config:0
[  826047ms] [ERROR] Failed to load resource: net::ERR_CONNECTION_REFUSED @ http://localhost:8501/_stcore/health:0
[  826047ms] [ERROR] Client Error in reaching server endpoint - No response received when attempting to reach /_stcore/health @ http://localhost:8501/static/js/index.dkY5s53S.js:182
[  826047ms] [ERROR] Failed to load resource: net::ERR_CONNECTION_REFUSED @ http://localhost:8501/_stcore/host-config:0
[  828051ms] [ERROR] Failed to load resource: net::ERR_CONNECTION_REFUSED @ http://localhost:8501/_stcore/health:0
[  828051ms] [ERROR] Client Error in reaching server endpoint - No response received when attempting to reach /_stcore/health @ http://localhost:8501/static/js/index.dkY5s53S.js:182
[  828052ms] [ERROR] Failed to load resource: net::ERR_CONNECTION_REFUSED @ http://localhost:8501/_stcore/host-config:0
[  830055ms] [ERROR] Failed to load resource: net::ERR_CONNECTION_REFUSED @ http://localhost:8501/_stcore/health:0
[  830056ms] [ERROR] Client Error in reaching server endpoint - No response received when attempting to reach /_stcore/health @ http://localhost:8501/static/js/index.dkY5s53S.js:182
[  830056ms] [ERROR] Failed to load resource: net::ERR_CONNECTION_REFUSED @ http://localhost:8501/_stcore/host-config:0
[  832059ms] [ERROR] Failed to load resource: net::ERR_CONNECTION_REFUSED @ http://localhost:8501/_stcore/health:0
[  832059ms] [ERROR] Client Error in reaching server endpoint - No response received when attempting to reach /_stcore/health @ http://localhost:8501/static/js/index.dkY5s53S.js:182
[  832060ms] [ERROR] Failed to load resource: net::ERR_CONNECTION_REFUSED @ http://localhost:8501/_stcore/host-config:0
[  834063ms] [ERROR] Failed to load resource: net::ERR_CONNECTION_REFUSED @ http://localhost:8501/_stcore/health:0
[  834063ms] [ERROR] Client Error in reaching server endpoint - No response received when attempting to reach /_stcore/health @ http://localhost:8501/static/js/index.dkY5s53S.js:182
[  834063ms] [ERROR] Failed to load resource: net::ERR_CONNECTION_REFUSED @ http://localhost:8501/_stcore/host-config:0
[  836067ms] [ERROR] Failed to load resource: net::ERR_CONNECTION_REFUSED @ http://localhost:8501/_stcore/health:0
[  836067ms] [ERROR] Client Error in reaching server endpoint - No response received when attempting to reach /_stcore/health @ http://localhost:8501/static/js/index.dkY5s53S.js:182
[  836067ms] [ERROR] Failed to load resource: net::ERR_CONNECTION_REFUSED @ http://localhost:8501/_stcore/host-config:0
[  838072ms] [ERROR] Failed to load resource: net::ERR_CONNECTION_REFUSED @ http://localhost:8501/_stcore/health:0
[  838072ms] [ERROR] Client Error in reaching server endpoint - No response received when attempting to reach /_stcore/health @ http://localhost:8501/static/js/index.dkY5s53S.js:182
[  838072ms] [ERROR] Failed to load resource: net::ERR_CONNECTION_REFUSED @ http://localhost:8501/_stcore/host-config:0
[  840076ms] [ERROR] Failed to load resource: net::ERR_CONNECTION_REFUSED @ http://localhost:8501/_stcore/health:0
[  840076ms] [ERROR] Client Error in reaching server endpoint - No response received when attempting to reach /_stcore/health @ http://localhost:8501/static/js/index.dkY5s53S.js:182
[  840076ms] [ERROR] Failed to load resource: net::ERR_CONNECTION_REFUSED @ http://localhost:8501/_stcore/host-config:0
[  842081ms] [ERROR] Failed to load resource: net::ERR_CONNECTION_REFUSED @ http://localhost:8501/_stcore/health:0
[  842081ms] [ERROR] Client Error in reaching server endpoint - No response received when attempting to reach /_stcore/health @ http://localhost:8501/static/js/index.dkY5s53S.js:182
[  842081ms] [ERROR] Failed to load resource: net::ERR_CONNECTION_REFUSED @ http://localhost:8501/_stcore/host-config:0
[  844084ms] [ERROR] Failed to load resource: net::ERR_CONNECTION_REFUSED @ http://localhost:8501/_stcore/health:0
[  844084ms] [ERROR] Client Error in reaching server endpoint - No response received when attempting to reach /_stcore/health @ http://localhost:8501/static/js/index.dkY5s53S.js:182
[  844085ms] [ERROR] Failed to load resource: net::ERR_CONNECTION_REFUSED @ http://localhost:8501/_stcore/host-config:0
[  846088ms] [ERROR] Failed to load resource: net::ERR_CONNECTION_REFUSED @ http://localhost:8501/_stcore/health:0
[  846088ms] [ERROR] Client Error in reaching server endpoint - No response received when attempting to reach /_stcore/health @ http://localhost:8501/static/js/index.dkY5s53S.js:182
[  846090ms] [ERROR] Failed to load resource: net::ERR_CONNECTION_REFUSED @ http://localhost:8501/_stcore/host-config:0
[  848092ms] [ERROR] Failed to load resource: net::ERR_CONNECTION_REFUSED @ http://localhost:8501/_stcore/health:0
[  848092ms] [ERROR] Client Error in reaching server endpoint - No response received when attempting to reach /_stcore/health @ http://localhost:8501/static/js/index.dkY5s53S.js:182
[  848092ms] [ERROR] Failed to load resource: net::ERR_CONNECTION_REFUSED @ http://localhost:8501/_stcore/host-config:0
[  850096ms] [ERROR] Failed to load resource: net::ERR_CONNECTION_REFUSED @ http://localhost:8501/_stcore/health:0
[  850096ms] [ERROR] Client Error in reaching server endpoint - No response received when attempting to reach /_stcore/health @ http://localhost:8501/static/js/index.dkY5s53S.js:182
[  850096ms] [ERROR] Failed to load resource: net::ERR_CONNECTION_REFUSED @ http://localhost:8501/_stcore/host-config:0
[  852100ms] [ERROR] Failed to load resource: net::ERR_CONNECTION_REFUSED @ http://localhost:8501/_stcore/health:0
[  852100ms] [ERROR] Client Error in reaching server endpoint - No response received when attempting to reach /_stcore/health @ http://localhost:8501/static/js/index.dkY5s53S.js:182
[  852100ms] [ERROR] Failed to load resource: net::ERR_CONNECTION_REFUSED @ http://localhost:8501/_stcore/host-config:0
[  854103ms] [ERROR] Failed to load resource: net::ERR_CONNECTION_REFUSED @ http://localhost:8501/_stcore/health:0
[  854103ms] [ERROR] Client Error in reaching server endpoint - No response received when attempting to reach /_stcore/health @ http://localhost:8501/static/js/index.dkY5s53S.js:182
[  854104ms] [ERROR] Failed to load resource: net::ERR_CONNECTION_REFUSED @ http://localhost:8501/_stcore/host-config:0
[  856106ms] [ERROR] Failed to load resource: net::ERR_CONNECTION_REFUSED @ http://localhost:8501/_stcore/health:0
[  856107ms] [ERROR] Client Error in reaching server endpoint - No response received when attempting to reach /_stcore/health @ http://localhost:8501/static/js/index.dkY5s53S.js:182
[  856107ms] [ERROR] Failed to load resource: net::ERR_CONNECTION_REFUSED @ http://localhost:8501/_stcore/host-config:0
[  858111ms] [ERROR] Failed to load resource: net::ERR_CONNECTION_REFUSED @ http://localhost:8501/_stcore/health:0
[  858112ms] [ERROR] Client Error in reaching server endpoint - No response received when attempting to reach /_stcore/health @ http://localhost:8501/static/js/index.dkY5s53S.js:182
[  858113ms] [ERROR] Failed to load resource: net::ERR_CONNECTION_REFUSED @ http://localhost:8501/_stcore/host-config:0
[  860116ms] [ERROR] Failed to load resource: net::ERR_CONNECTION_REFUSED @ http://localhost:8501/_stcore/health:0
[  860116ms] [ERROR] Client Error in reaching server endpoint - No response received when attempting to reach /_stcore/health @ http://localhost:8501/static/js/index.dkY5s53S.js:182
[  860116ms] [ERROR] Failed to load resource: net::ERR_CONNECTION_REFUSED @ http://localhost:8501/_stcore/host-config:0
[  862121ms] [ERROR] Failed to load resource: net::ERR_CONNECTION_REFUSED @ http://localhost:8501/_stcore/health:0
[  862121ms] [ERROR] Client Error in reaching server endpoint - No response received when attempting to reach /_stcore/health @ http://localhost:8501/static/js/index.dkY5s53S.js:182
[  862121ms] [ERROR] Failed to load resource: net::ERR_CONNECTION_REFUSED @ http://localhost:8501/_stcore/host-config:0
[  864124ms] [ERROR] Failed to load resource: net::ERR_CONNECTION_REFUSED @ http://localhost:8501/_stcore/health:0
[  864124ms] [ERROR] Client Error in reaching server endpoint - No response received when attempting to reach /_stcore/health @ http://localhost:8501/static/js/index.dkY5s53S.js:182
[  864124ms] [ERROR] Failed to load resource: net::ERR_CONNECTION_REFUSED @ http://localhost:8501/_stcore/host-config:0
[  866129ms] [ERROR] Failed to load resource: net::ERR_CONNECTION_REFUSED @ http://localhost:8501/_stcore/health:0
[  866129ms] [ERROR] Client Error in reaching server endpoint - No response received when attempting to reach /_stcore/health @ http://localhost:8501/static/js/index.dkY5s53S.js:182
[  866130ms] [ERROR] Failed to load resource: net::ERR_CONNECTION_REFUSED @ http://localhost:8501/_stcore/host-config:0
[  868133ms] [ERROR] Failed to load resource: net::ERR_CONNECTION_REFUSED @ http://localhost:8501/_stcore/health:0
[  868134ms] [ERROR] Client Error in reaching server endpoint - No response received when attempting to reach /_stcore/health @ http://localhost:8501/static/js/index.dkY5s53S.js:182
[  868134ms] [ERROR] Failed to load resource: net::ERR_CONNECTION_REFUSED @ http://localhost:8501/_stcore/host-config:0
[  870139ms] [ERROR] Failed to load resource: net::ERR_CONNECTION_REFUSED @ http://localhost:8501/_stcore/health:0
[  870139ms] [ERROR] Client Error in reaching server endpoint - No response received when attempting to reach /_stcore/health @ http://localhost:8501/static/js/index.dkY5s53S.js:182
[  870139ms] [ERROR] Failed to load resource: net::ERR_CONNECTION_REFUSED @ http://localhost:8501/_stcore/host-config:0
[  872143ms] [ERROR] Failed to load resource: net::ERR_CONNECTION_REFUSED @ http://localhost:8501/_stcore/health:0
[  872143ms] [ERROR] Client Error in reaching server endpoint - No response received when attempting to reach /_stcore/health @ http://localhost:8501/static/js/index.dkY5s53S.js:182
[  872143ms] [ERROR] Failed to load resource: net::ERR_CONNECTION_REFUSED @ http://localhost:8501/_stcore/host-config:0
[  874147ms] [ERROR] Failed to load resource: net::ERR_CONNECTION_REFUSED @ http://localhost:8501/_stcore/health:0
[  874148ms] [ERROR] Client Error in reaching server endpoint - No response received when attempting to reach /_stcore/health @ http://localhost:8501/static/js/index.dkY5s53S.js:182
[  874149ms] [ERROR] Failed to load resource: net::ERR_CONNECTION_REFUSED @ http://localhost:8501/_stcore/host-config:0
[  876151ms] [ERROR] Failed to load resource: net::ERR_CONNECTION_REFUSED @ http://localhost:8501/_stcore/health:0
[  876151ms] [ERROR] Client Error in reaching server endpoint - No response received when attempting to reach /_stcore/health @ http://localhost:8501/static/js/index.dkY5s53S.js:182
[  876151ms] [ERROR] Failed to load resource: net::ERR_CONNECTION_REFUSED @ http://localhost:8501/_stcore/host-config:0
[  878154ms] [ERROR] Failed to load resource: net::ERR_CONNECTION_REFUSED @ http://localhost:8501/_stcore/health:0
[  878154ms] [ERROR] Client Error in reaching server endpoint - No response received when attempting to reach /_stcore/health @ http://localhost:8501/static/js/index.dkY5s53S.js:182
[  878155ms] [ERROR] Failed to load resource: net::ERR_CONNECTION_REFUSED @ http://localhost:8501/_stcore/host-config:0
[  880159ms] [ERROR] Failed to load resource: net::ERR_CONNECTION_REFUSED @ http://localhost:8501/_stcore/health:0
[  880159ms] [ERROR] Client Error in reaching server endpoint - No response received when attempting to reach /_stcore/health @ http://localhost:8501/static/js/index.dkY5s53S.js:182
[  880159ms] [ERROR] Failed to load resource: net::ERR_CONNECTION_REFUSED @ http://localhost:8501/_stcore/host-config:0
[  882164ms] [ERROR] Failed to load resource: net::ERR_CONNECTION_REFUSED @ http://localhost:8501/_stcore/health:0
[  882164ms] [ERROR] Client Error in reaching server endpoint - No response received when attempting to reach /_stcore/health @ http://localhost:8501/static/js/index.dkY5s53S.js:182
[  882164ms] [ERROR] Failed to load resource: net::ERR_CONNECTION_REFUSED @ http://localhost:8501/_stcore/host-config:0
[  884168ms] [ERROR] Failed to load resource: net::ERR_CONNECTION_REFUSED @ http://localhost:8501/_stcore/health:0
[  884168ms] [ERROR] Client Error in reaching server endpoint - No response received when attempting to reach /_stcore/health @ http://localhost:8501/static/js/index.dkY5s53S.js:182
[  884169ms] [ERROR] Failed to load resource: net::ERR_CONNECTION_REFUSED @ http://localhost:8501/_stcore/host-config:0
[  886172ms] [ERROR] Failed to load resource: net::ERR_CONNECTION_REFUSED @ http://localhost:8501/_stcore/health:0
[  886172ms] [ERROR] Client Error in reaching server endpoint - No response received when attempting to reach /_stcore/health @ http://localhost:8501/static/js/index.dkY5s53S.js:182
[  886172ms] [ERROR] Failed to load resource: net::ERR_CONNECTION_REFUSED @ http://localhost:8501/_stcore/host-config:0
[  888176ms] [ERROR] Failed to load resource: net::ERR_CONNECTION_REFUSED @ http://localhost:8501/_stcore/health:0
[  888177ms] [ERROR] Client Error in reaching server endpoint - No response received when attempting to reach /_stcore/health @ http://localhost:8501/static/js/index.dkY5s53S.js:182
[  888177ms] [ERROR] Failed to load resource: net::ERR_CONNECTION_REFUSED @ http://localhost:8501/_stcore/host-config:0
[  890180ms] [ERROR] Failed to load resource: net::ERR_CONNECTION_REFUSED @ http://localhost:8501/_stcore/health:0
[  890181ms] [ERROR] Client Error in reaching server endpoint - No response received when attempting to reach /_stcore/health @ http://localhost:8501/static/js/index.dkY5s53S.js:182
[  890182ms] [ERROR] Failed to load resource: net::ERR_CONNECTION_REFUSED @ http://localhost:8501/_stcore/host-config:0
[  892184ms] [ERROR] Failed to load resource: net::ERR_CONNECTION_REFUSED @ http://localhost:8501/_stcore/health:0
[  892185ms] [ERROR] Client Error in reaching server endpoint - No response received when attempting to reach /_stcore/health @ http://localhost:8501/static/js/index.dkY5s53S.js:182
[  892185ms] [ERROR] Failed to load resource: net::ERR_CONNECTION_REFUSED @ http://localhost:8501/_stcore/host-config:0
[  894188ms] [ERROR] Failed to load resource: net::ERR_CONNECTION_REFUSED @ http://localhost:8501/_stcore/health:0
[  894188ms] [ERROR] Client Error in reaching server endpoint - No response received when attempting to reach /_stcore/health @ http://localhost:8501/static/js/index.dkY5s53S.js:182
[  894188ms] [ERROR] Failed to load resource: net::ERR_CONNECTION_REFUSED @ http://localhost:8501/_stcore/host-config:0
[  896192ms] [ERROR] Failed to load resource: net::ERR_CONNECTION_REFUSED @ http://localhost:8501/_stcore/health:0
[  896192ms] [ERROR] Client Error in reaching server endpoint - No response received when attempting to reach /_stcore/health @ http://localhost:8501/static/js/index.dkY5s53S.js:182
[  896192ms] [ERROR] Failed to load resource: net::ERR_CONNECTION_REFUSED @ http://localhost:8501/_stcore/host-config:0
[  898196ms] [ERROR] Failed to load resource: net::ERR_CONNECTION_REFUSED @ http://localhost:8501/_stcore/health:0
[  898197ms] [ERROR] Client Error in reaching server endpoint - No response received when attempting to reach /_stcore/health @ http://localhost:8501/static/js/index.dkY5s53S.js:182
[  898197ms] [ERROR] Failed to load resource: net::ERR_CONNECTION_REFUSED @ http://localhost:8501/_stcore/host-config:0
[  900201ms] [ERROR] Failed to load resource: net::ERR_CONNECTION_REFUSED @ http://localhost:8501/_stcore/health:0
[  900201ms] [ERROR] Client Error in reaching server endpoint - No response received when attempting to reach /_stcore/health @ http://localhost:8501/static/js/index.dkY5s53S.js:182
[  900201ms] [ERROR] Failed to load resource: net::ERR_CONNECTION_REFUSED @ http://localhost:8501/_stcore/host-config:0
[  902205ms] [ERROR] Failed to load resource: net::ERR_CONNECTION_REFUSED @ http://localhost:8501/_stcore/health:0
[  902205ms] [ERROR] Client Error in reaching server endpoint - No response received when attempting to reach /_stcore/health @ http://localhost:8501/static/js/index.dkY5s53S.js:182
[  902205ms] [ERROR] Failed to load resource: net::ERR_CONNECTION_REFUSED @ http://localhost:8501/_stcore/host-config:0
[  904208ms] [ERROR] Failed to load resource: net::ERR_CONNECTION_REFUSED @ http://localhost:8501/_stcore/health:0
[  904208ms] [ERROR] Client Error in reaching server endpoint - No response received when attempting to reach /_stcore/health @ http://localhost:8501/static/js/index.dkY5s53S.js:182
[  904209ms] [ERROR] Failed to load resource: net::ERR_CONNECTION_REFUSED @ http://localhost:8501/_stcore/host-config:0
[  906212ms] [ERROR] Failed to load resource: net::ERR_CONNECTION_REFUSED @ http://localhost:8501/_stcore/health:0
[  906212ms] [ERROR] Client Error in reaching server endpoint - No response received when attempting to reach /_stcore/health @ http://localhost:8501/static/js/index.dkY5s53S.js:182
[  906214ms] [ERROR] Failed to load resource: net::ERR_CONNECTION_REFUSED @ http://localhost:8501/_stcore/host-config:0
[  908216ms] [ERROR] Failed to load resource: net::ERR_CONNECTION_REFUSED @ http://localhost:8501/_stcore/health:0
[  908216ms] [ERROR] Client Error in reaching server endpoint - No response received when attempting to reach /_stcore/health @ http://localhost:8501/static/js/index.dkY5s53S.js:182
[  908216ms] [ERROR] Failed to load resource: net::ERR_CONNECTION_REFUSED @ http://localhost:8501/_stcore/host-config:0
[  910219ms] [ERROR] Failed to load resource: net::ERR_CONNECTION_REFUSED @ http://localhost:8501/_stcore/health:0
[  910220ms] [ERROR] Client Error in reaching server endpoint - No response received when attempting to reach /_stcore/health @ http://localhost:8501/static/js/index.dkY5s53S.js:182
[  910221ms] [ERROR] Failed to load resource: net::ERR_CONNECTION_REFUSED @ http://localhost:8501/_stcore/host-config:0
[  912223ms] [ERROR] Failed to load resource: net::ERR_CONNECTION_REFUSED @ http://localhost:8501/_stcore/health:0
[  912223ms] [ERROR] Client Error in reaching server endpoint - No response received when attempting to reach /_stcore/health @ http://localhost:8501/static/js/index.dkY5s53S.js:182
[  912223ms] [ERROR] Failed to load resource: net::ERR_CONNECTION_REFUSED @ http://localhost:8501/_stcore/host-config:0
[  914228ms] [ERROR] Failed to load resource: net::ERR_CONNECTION_REFUSED @ http://localhost:8501/_stcore/health:0
[  914228ms] [ERROR] Client Error in reaching server endpoint - No response received when attempting to reach /_stcore/health @ http://localhost:8501/static/js/index.dkY5s53S.js:182
[  914228ms] [ERROR] Failed to load resource: net::ERR_CONNECTION_REFUSED @ http://localhost:8501/_stcore/host-config:0
[  916231ms] [ERROR] Failed to load resource: net::ERR_CONNECTION_REFUSED @ http://localhost:8501/_stcore/health:0
[  916231ms] [ERROR] Client Error in reaching server endpoint - No response received when attempting to reach /_stcore/health @ http://localhost:8501/static/js/index.dkY5s53S.js:182
[  916231ms] [ERROR] Failed to load resource: net::ERR_CONNECTION_REFUSED @ http://localhost:8501/_stcore/host-config:0
[  918237ms] [ERROR] Failed to load resource: net::ERR_CONNECTION_REFUSED @ http://localhost:8501/_stcore/host-config:0
[  918237ms] [ERROR] Client Error in reaching server endpoint - No response received when attempting to reach /_stcore/host-config @ http://localhost:8501/static/js/index.dkY5s53S.js:182
[  918238ms] [ERROR] Failed to load resource: net::ERR_CONNECTION_REFUSED @ http://localhost:8501/_stcore/health:0
[  920241ms] [ERROR] Failed to load resource: net::ERR_CONNECTION_REFUSED @ http://localhost:8501/_stcore/health:0
[  920241ms] [ERROR] Client Error in reaching server endpoint - No response received when attempting to reach /_stcore/health @ http://localhost:8501/static/js/index.dkY5s53S.js:182
[  920241ms] [ERROR] Failed to load resource: net::ERR_CONNECTION_REFUSED @ http://localhost:8501/_stcore/host-config:0
[  922243ms] [ERROR] Failed to load resource: net::ERR_CONNECTION_REFUSED @ http://localhost:8501/_stcore/health:0
[  922243ms] [ERROR] Client Error in reaching server endpoint - No response received when attempting to reach /_stcore/health @ http://localhost:8501/static/js/index.dkY5s53S.js:182
[  922243ms] [ERROR] Failed to load resource: net::ERR_CONNECTION_REFUSED @ http://localhost:8501/_stcore/host-config:0
[  924247ms] [ERROR] Failed to load resource: net::ERR_CONNECTION_REFUSED @ http://localhost:8501/_stcore/health:0
[  924247ms] [ERROR] Client Error in reaching server endpoint - No response received when attempting to reach /_stcore/health @ http://localhost:8501/static/js/index.dkY5s53S.js:182
[  924247ms] [ERROR] Failed to load resource: net::ERR_CONNECTION_REFUSED @ http://localhost:8501/_stcore/host-config:0
[  926250ms] [ERROR] Failed to load resource: net::ERR_CONNECTION_REFUSED @ http://localhost:8501/_stcore/health:0
[  926250ms] [ERROR] Client Error in reaching server endpoint - No response received when attempting to reach /_stcore/health @ http://localhost:8501/static/js/index.dkY5s53S.js:182
[  926251ms] [ERROR] Failed to load resource: net::ERR_CONNECTION_REFUSED @ http://localhost:8501/_stcore/host-config:0
[  928255ms] [ERROR] Failed to load resource: net::ERR_CONNECTION_REFUSED @ http://localhost:8501/_stcore/health:0
[  928255ms] [ERROR] Client Error in reaching server endpoint - No response received when attempting to reach /_stcore/health @ http://localhost:8501/static/js/index.dkY5s53S.js:182
[  928255ms] [ERROR] Failed to load resource: net::ERR_CONNECTION_REFUSED @ http://localhost:8501/_stcore/host-config:0
[  930258ms] [ERROR] Failed to load resource: net::ERR_CONNECTION_REFUSED @ http://localhost:8501/_stcore/health:0
[  930258ms] [ERROR] Client Error in reaching server endpoint - No response received when attempting to reach /_stcore/health @ http://localhost:8501/static/js/index.dkY5s53S.js:182
[  930258ms] [ERROR] Failed to load resource: net::ERR_CONNECTION_REFUSED @ http://localhost:8501/_stcore/host-config:0
[  932261ms] [ERROR] Failed to load resource: net::ERR_CONNECTION_REFUSED @ http://localhost:8501/_stcore/health:0
[  932261ms] [ERROR] Client Error in reaching server endpoint - No response received when attempting to reach /_stcore/health @ http://localhost:8501/static/js/index.dkY5s53S.js:182
[  932262ms] [ERROR] Failed to load resource: net::ERR_CONNECTION_REFUSED @ http://localhost:8501/_stcore/host-config:0
[  934265ms] [ERROR] Failed to load resource: net::ERR_CONNECTION_REFUSED @ http://localhost:8501/_stcore/health:0
[  934265ms] [ERROR] Client Error in reaching server endpoint - No response received when attempting to reach /_stcore/health @ http://localhost:8501/static/js/index.dkY5s53S.js:182
[  934265ms] [ERROR] Failed to load resource: net::ERR_CONNECTION_REFUSED @ http://localhost:8501/_stcore/host-config:0
[  936269ms] [ERROR] Failed to load resource: net::ERR_CONNECTION_REFUSED @ http://localhost:8501/_stcore/health:0
[  936270ms] [ERROR] Client Error in reaching server endpoint - No response received when attempting to reach /_stcore/health @ http://localhost:8501/static/js/index.dkY5s53S.js:182
[  936271ms] [ERROR] Failed to load resource: net::ERR_CONNECTION_REFUSED @ http://localhost:8501/_stcore/host-config:0
[  938273ms] [ERROR] Failed to load resource: net::ERR_CONNECTION_REFUSED @ http://localhost:8501/_stcore/health:0
[  938273ms] [ERROR] Client Error in reaching server endpoint - No response received when attempting to reach /_stcore/health @ http://localhost:8501/static/js/index.dkY5s53S.js:182
[  938274ms] [ERROR] Failed to load resource: net::ERR_CONNECTION_REFUSED @ http://localhost:8501/_stcore/host-config:0
[  940279ms] [ERROR] Failed to load resource: net::ERR_CONNECTION_REFUSED @ http://localhost:8501/_stcore/health:0
[  940279ms] [ERROR] Client Error in reaching server endpoint - No response received when attempting to reach /_stcore/health @ http://localhost:8501/static/js/index.dkY5s53S.js:182
[  940279ms] [ERROR] Failed to load resource: net::ERR_CONNECTION_REFUSED @ http://localhost:8501/_stcore/host-config:0
[  942282ms] [ERROR] Failed to load resource: net::ERR_CONNECTION_REFUSED @ http://localhost:8501/_stcore/health:0
[  942282ms] [ERROR] Client Error in reaching server endpoint - No response received when attempting to reach /_stcore/health @ http://localhost:8501/static/js/index.dkY5s53S.js:182
[  942283ms] [ERROR] Failed to load resource: net::ERR_CONNECTION_REFUSED @ http://localhost:8501/_stcore/host-config:0
[  944287ms] [ERROR] Failed to load resource: net::ERR_CONNECTION_REFUSED @ http://localhost:8501/_stcore/host-config:0
[  944288ms] [ERROR] Client Error in reaching server endpoint - No response received when attempting to reach /_stcore/host-config @ http://localhost:8501/static/js/index.dkY5s53S.js:182
[  944288ms] [ERROR] Failed to load resource: net::ERR_CONNECTION_REFUSED @ http://localhost:8501/_stcore/health:0
[  946292ms] [ERROR] Failed to load resource: net::ERR_CONNECTION_REFUSED @ http://localhost:8501/_stcore/health:0
[  946292ms] [ERROR] Client Error in reaching server endpoint - No response received when attempting to reach /_stcore/health @ http://localhost:8501/static/js/index.dkY5s53S.js:182
[  946293ms] [ERROR] Failed to load resource: net::ERR_CONNECTION_REFUSED @ http://localhost:8501/_stcore/host-config:0
[  948296ms] [ERROR] Failed to load resource: net::ERR_CONNECTION_REFUSED @ http://localhost:8501/_stcore/health:0
[  948296ms] [ERROR] Client Error in reaching server endpoint - No response received when attempting to reach /_stcore/health @ http://localhost:8501/static/js/index.dkY5s53S.js:182
[  948296ms] [ERROR] Failed to load resource: net::ERR_CONNECTION_REFUSED @ http://localhost:8501/_stcore/host-config:0
[  950303ms] [ERROR] Failed to load resource: net::ERR_CONNECTION_REFUSED @ http://localhost:8501/_stcore/health:0
[  950303ms] [ERROR] Client Error in reaching server endpoint - No response received when attempting to reach /_stcore/health @ http://localhost:8501/static/js/index.dkY5s53S.js:182
[  950303ms] [ERROR] Failed to load resource: net::ERR_CONNECTION_REFUSED @ http://localhost:8501/_stcore/host-config:0
[  952307ms] [ERROR] Failed to load resource: net::ERR_CONNECTION_REFUSED @ http://localhost:8501/_stcore/health:0
[  952307ms] [ERROR] Client Error in reaching server endpoint - No response received when attempting to reach /_stcore/health @ http://localhost:8501/static/js/index.dkY5s53S.js:182
[  952307ms] [ERROR] Failed to load resource: net::ERR_CONNECTION_REFUSED @ http://localhost:8501/_stcore/host-config:0
[  954310ms] [ERROR] Failed to load resource: net::ERR_CONNECTION_REFUSED @ http://localhost:8501/_stcore/health:0
[  954310ms] [ERROR] Client Error in reaching server endpoint - No response received when attempting to reach /_stcore/health @ http://localhost:8501/static/js/index.dkY5s53S.js:182
[  954310ms] [ERROR] Failed to load resource: net::ERR_CONNECTION_REFUSED @ http://localhost:8501/_stcore/host-config:0
[  956315ms] [ERROR] Failed to load resource: net::ERR_CONNECTION_REFUSED @ http://localhost:8501/_stcore/health:0
[  956315ms] [ERROR] Client Error in reaching server endpoint - No response received when attempting to reach /_stcore/health @ http://localhost:8501/static/js/index.dkY5s53S.js:182
[  956315ms] [ERROR] Failed to load resource: net::ERR_CONNECTION_REFUSED @ http://localhost:8501/_stcore/host-config:0
[  958319ms] [ERROR] Failed to load resource: net::ERR_CONNECTION_REFUSED @ http://localhost:8501/_stcore/health:0
[  958319ms] [ERROR] Client Error in reaching server endpoint - No response received when attempting to reach /_stcore/health @ http://localhost:8501/static/js/index.dkY5s53S.js:182
[  958319ms] [ERROR] Failed to load resource: net::ERR_CONNECTION_REFUSED @ http://localhost:8501/_stcore/host-config:0
[  960322ms] [ERROR] Failed to load resource: net::ERR_CONNECTION_REFUSED @ http://localhost:8501/_stcore/health:0
[  960322ms] [ERROR] Client Error in reaching server endpoint - No response received when attempting to reach /_stcore/health @ http://localhost:8501/static/js/index.dkY5s53S.js:182
[  960322ms] [ERROR] Failed to load resource: net::ERR_CONNECTION_REFUSED @ http://localhost:8501/_stcore/host-config:0
[  962326ms] [ERROR] Failed to load resource: net::ERR_CONNECTION_REFUSED @ http://localhost:8501/_stcore/health:0
[  962326ms] [ERROR] Client Error in reaching server endpoint - No response received when attempting to reach /_stcore/health @ http://localhost:8501/static/js/index.dkY5s53S.js:182
[  962326ms] [ERROR] Failed to load resource: net::ERR_CONNECTION_REFUSED @ http://localhost:8501/_stcore/host-config:0
[  964329ms] [ERROR] Failed to load resource: net::ERR_CONNECTION_REFUSED @ http://localhost:8501/_stcore/health:0
[  964330ms] [ERROR] Client Error in reaching server endpoint - No response received when attempting to reach /_stcore/health @ http://localhost:8501/static/js/index.dkY5s53S.js:182
[  964330ms] [ERROR] Failed to load resource: net::ERR_CONNECTION_REFUSED @ http://localhost:8501/_stcore/host-config:0
[  966334ms] [ERROR] Failed to load resource: net::ERR_CONNECTION_REFUSED @ http://localhost:8501/_stcore/health:0
[  966334ms] [ERROR] Client Error in reaching server endpoint - No response received when attempting to reach /_stcore/health @ http://localhost:8501/static/js/index.dkY5s53S.js:182
[  966334ms] [ERROR] Failed to load resource: net::ERR_CONNECTION_REFUSED @ http://localhost:8501/_stcore/host-config:0
[  968338ms] [ERROR] Failed to load resource: net::ERR_CONNECTION_REFUSED @ http://localhost:8501/_stcore/health:0
[  968338ms] [ERROR] Client Error in reaching server endpoint - No response received when attempting to reach /_stcore/health @ http://localhost:8501/static/js/index.dkY5s53S.js:182
[  968338ms] [ERROR] Failed to load resource: net::ERR_CONNECTION_REFUSED @ http://localhost:8501/_stcore/host-config:0
[  970343ms] [ERROR] Failed to load resource: net::ERR_CONNECTION_REFUSED @ http://localhost:8501/_stcore/health:0
[  970343ms] [ERROR] Client Error in reaching server endpoint - No response received when attempting to reach /_stcore/health @ http://localhost:8501/static/js/index.dkY5s53S.js:182
[  970344ms] [ERROR] Failed to load resource: net::ERR_CONNECTION_REFUSED @ http://localhost:8501/_stcore/host-config:0
[  972346ms] [ERROR] Failed to load resource: net::ERR_CONNECTION_REFUSED @ http://localhost:8501/_stcore/health:0
[  972347ms] [ERROR] Client Error in reaching server endpoint - No response received when attempting to reach /_stcore/health @ http://localhost:8501/static/js/index.dkY5s53S.js:182
[  972347ms] [ERROR] Failed to load resource: net::ERR_CONNECTION_REFUSED @ http://localhost:8501/_stcore/host-config:0
[  974349ms] [ERROR] Failed to load resource: net::ERR_CONNECTION_REFUSED @ http://localhost:8501/_stcore/health:0
[  974349ms] [ERROR] Client Error in reaching server endpoint - No response received when attempting to reach /_stcore/health @ http://localhost:8501/static/js/index.dkY5s53S.js:182
[  974349ms] [ERROR] Failed to load resource: net::ERR_CONNECTION_REFUSED @ http://localhost:8501/_stcore/host-config:0
[  976355ms] [ERROR] Failed to load resource: net::ERR_CONNECTION_REFUSED @ http://localhost:8501/_stcore/health:0
[  976355ms] [ERROR] Client Error in reaching server endpoint - No response received when attempting to reach /_stcore/health @ http://localhost:8501/static/js/index.dkY5s53S.js:182
[  976355ms] [ERROR] Failed to load resource: net::ERR_CONNECTION_REFUSED @ http://localhost:8501/_stcore/host-config:0
[  978358ms] [ERROR] Failed to load resource: net::ERR_CONNECTION_REFUSED @ http://localhost:8501/_stcore/health:0
[  978359ms] [ERROR] Client Error in reaching server endpoint - No response received when attempting to reach /_stcore/health @ http://localhost:8501/static/js/index.dkY5s53S.js:182
[  978359ms] [ERROR] Failed to load resource: net::ERR_CONNECTION_REFUSED @ http://localhost:8501/_stcore/host-config:0
[  980362ms] [ERROR] Failed to load resource: net::ERR_CONNECTION_REFUSED @ http://localhost:8501/_stcore/health:0
[  980362ms] [ERROR] Client Error in reaching server endpoint - No response received when attempting to reach /_stcore/health @ http://localhost:8501/static/js/index.dkY5s53S.js:182
[  980362ms] [ERROR] Failed to load resource: net::ERR_CONNECTION_REFUSED @ http://localhost:8501/_stcore/host-config:0
[  982365ms] [ERROR] Failed to load resource: net::ERR_CONNECTION_REFUSED @ http://localhost:8501/_stcore/health:0
[  982365ms] [ERROR] Client Error in reaching server endpoint - No response received when attempting to reach /_stcore/health @ http://localhost:8501/static/js/index.dkY5s53S.js:182
[  982365ms] [ERROR] Failed to load resource: net::ERR_CONNECTION_REFUSED @ http://localhost:8501/_stcore/host-config:0
[  984368ms] [ERROR] Failed to load resource: net::ERR_CONNECTION_REFUSED @ http://localhost:8501/_stcore/health:0
[  984368ms] [ERROR] Client Error in reaching server endpoint - No response received when attempting to reach /_stcore/health @ http://localhost:8501/static/js/index.dkY5s53S.js:182
[  984369ms] [ERROR] Failed to load resource: net::ERR_CONNECTION_REFUSED @ http://localhost:8501/_stcore/host-config:0
[  986371ms] [ERROR] Failed to load resource: net::ERR_CONNECTION_REFUSED @ http://localhost:8501/_stcore/health:0
[  986371ms] [ERROR] Client Error in reaching server endpoint - No response received when attempting to reach /_stcore/health @ http://localhost:8501/static/js/index.dkY5s53S.js:182
[  986371ms] [ERROR] Failed to load resource: net::ERR_CONNECTION_REFUSED @ http://localhost:8501/_stcore/host-config:0
[  988376ms] [ERROR] Failed to load resource: net::ERR_CONNECTION_REFUSED @ http://localhost:8501/_stcore/health:0
[  988376ms] [ERROR] Client Error in reaching server endpoint - No response received when attempting to reach /_stcore/health @ http://localhost:8501/static/js/index.dkY5s53S.js:182
[  988376ms] [ERROR] Failed to load resource: net::ERR_CONNECTION_REFUSED @ http://localhost:8501/_stcore/host-config:0
[  990380ms] [ERROR] Failed to load resource: net::ERR_CONNECTION_REFUSED @ http://localhost:8501/_stcore/health:0
[  990380ms] [ERROR] Client Error in reaching server endpoint - No response received when attempting to reach /_stcore/health @ http://localhost:8501/static/js/index.dkY5s53S.js:182
[  990380ms] [ERROR] Failed to load resource: net::ERR_CONNECTION_REFUSED @ http://localhost:8501/_stcore/host-config:0
[  992385ms] [ERROR] Failed to load resource: net::ERR_CONNECTION_REFUSED @ http://localhost:8501/_stcore/health:0
[  992385ms] [ERROR] Client Error in reaching server endpoint - No response received when attempting to reach /_stcore/health @ http://localhost:8501/static/js/index.dkY5s53S.js:182
[  992385ms] [ERROR] Failed to load resource: net::ERR_CONNECTION_REFUSED @ http://localhost:8501/_stcore/host-config:0
[  994388ms] [ERROR] Failed to load resource: net::ERR_CONNECTION_REFUSED @ http://localhost:8501/_stcore/health:0
[  994388ms] [ERROR] Client Error in reaching server endpoint - No response received when attempting to reach /_stcore/health @ http://localhost:8501/static/js/index.dkY5s53S.js:182
[  994388ms] [ERROR] Failed to load resource: net::ERR_CONNECTION_REFUSED @ http://localhost:8501/_stcore/host-config:0
[  996393ms] [ERROR] Failed to load resource: net::ERR_CONNECTION_REFUSED @ http://localhost:8501/_stcore/health:0
[  996393ms] [ERROR] Client Error in reaching server endpoint - No response received when attempting to reach /_stcore/health @ http://localhost:8501/static/js/index.dkY5s53S.js:182
[  996394ms] [ERROR] Failed to load resource: net::ERR_CONNECTION_REFUSED @ http://localhost:8501/_stcore/host-config:0
[  998397ms] [ERROR] Failed to load resource: net::ERR_CONNECTION_REFUSED @ http://localhost:8501/_stcore/health:0
[  998397ms] [ERROR] Client Error in reaching server endpoint - No response received when attempting to reach /_stcore/health @ http://localhost:8501/static/js/index.dkY5s53S.js:182
[  998398ms] [ERROR] Failed to load resource: net::ERR_CONNECTION_REFUSED @ http://localhost:8501/_stcore/host-config:0
[ 1000403ms] [ERROR] Failed to load resource: net::ERR_CONNECTION_REFUSED @ http://localhost:8501/_stcore/health:0
[ 1000403ms] [ERROR] Client Error in reaching server endpoint - No response received when attempting to reach /_stcore/health @ http://localhost:8501/static/js/index.dkY5s53S.js:182
[ 1000404ms] [ERROR] Failed to load resource: net::ERR_CONNECTION_REFUSED @ http://localhost:8501/_stcore/host-config:0
[ 1002407ms] [ERROR] Failed to load resource: net::ERR_CONNECTION_REFUSED @ http://localhost:8501/_stcore/health:0
[ 1002407ms] [ERROR] Client Error in reaching server endpoint - No response received when attempting to reach /_stcore/health @ http://localhost:8501/static/js/index.dkY5s53S.js:182
[ 1002407ms] [ERROR] Failed to load resource: net::ERR_CONNECTION_REFUSED @ http://localhost:8501/_stcore/host-config:0
[ 1004412ms] [ERROR] Failed to load resource: net::ERR_CONNECTION_REFUSED @ http://localhost:8501/_stcore/health:0
[ 1004412ms] [ERROR] Client Error in reaching server endpoint - No response received when attempting to reach /_stcore/health @ http://localhost:8501/static/js/index.dkY5s53S.js:182
[ 1004413ms] [ERROR] Failed to load resource: net::ERR_CONNECTION_REFUSED @ http://localhost:8501/_stcore/host-config:0
[ 1006415ms] [ERROR] Failed to load resource: net::ERR_CONNECTION_REFUSED @ http://localhost:8501/_stcore/health:0
[ 1006416ms] [ERROR] Client Error in reaching server endpoint - No response received when attempting to reach /_stcore/health @ http://localhost:8501/static/js/index.dkY5s53S.js:182
[ 1006416ms] [ERROR] Failed to load resource: net::ERR_CONNECTION_REFUSED @ http://localhost:8501/_stcore/host-config:0
[ 1008418ms] [ERROR] Failed to load resource: net::ERR_CONNECTION_REFUSED @ http://localhost:8501/_stcore/health:0
[ 1008418ms] [ERROR] Client Error in reaching server endpoint - No response received when attempting to reach /_stcore/health @ http://localhost:8501/static/js/index.dkY5s53S.js:182
[ 1008419ms] [ERROR] Failed to load resource: net::ERR_CONNECTION_REFUSED @ http://localhost:8501/_stcore/host-config:0
[ 1010423ms] [ERROR] Failed to load resource: net::ERR_CONNECTION_REFUSED @ http://localhost:8501/_stcore/health:0
[ 1010423ms] [ERROR] Client Error in reaching server endpoint - No response received when attempting to reach /_stcore/health @ http://localhost:8501/static/js/index.dkY5s53S.js:182
[ 1010423ms] [ERROR] Failed to load resource: net::ERR_CONNECTION_REFUSED @ http://localhost:8501/_stcore/host-config:0
[ 1012428ms] [ERROR] Failed to load resource: net::ERR_CONNECTION_REFUSED @ http://localhost:8501/_stcore/health:0
[ 1012428ms] [ERROR] Client Error in reaching server endpoint - No response received when attempting to reach /_stcore/health @ http://localhost:8501/static/js/index.dkY5s53S.js:182
[ 1012428ms] [ERROR] Failed to load resource: net::ERR_CONNECTION_REFUSED @ http://localhost:8501/_stcore/host-config:0
[ 1014431ms] [ERROR] Failed to load resource: net::ERR_CONNECTION_REFUSED @ http://localhost:8501/_stcore/health:0
[ 1014432ms] [ERROR] Client Error in reaching server endpoint - No response received when attempting to reach /_stcore/health @ http://localhost:8501/static/js/index.dkY5s53S.js:182
[ 1014432ms] [ERROR] Failed to load resource: net::ERR_CONNECTION_REFUSED @ http://localhost:8501/_stcore/host-config:0
[ 1016435ms] [ERROR] Failed to load resource: net::ERR_CONNECTION_REFUSED @ http://localhost:8501/_stcore/health:0
[ 1016436ms] [ERROR] Client Error in reaching server endpoint - No response received when attempting to reach /_stcore/health @ http://localhost:8501/static/js/index.dkY5s53S.js:182
[ 1016436ms] [ERROR] Failed to load resource: net::ERR_CONNECTION_REFUSED @ http://localhost:8501/_stcore/host-config:0
[ 1018440ms] [ERROR] Failed to load resource: net::ERR_CONNECTION_REFUSED @ http://localhost:8501/_stcore/health:0
[ 1018441ms] [ERROR] Client Error in reaching server endpoint - No response received when attempting to reach /_stcore/health @ http://localhost:8501/static/js/index.dkY5s53S.js:182
[ 1018441ms] [ERROR] Failed to load resource: net::ERR_CONNECTION_REFUSED @ http://localhost:8501/_stcore/host-config:0
[ 1020445ms] [ERROR] Failed to load resource: net::ERR_CONNECTION_REFUSED @ http://localhost:8501/_stcore/health:0
[ 1020445ms] [ERROR] Client Error in reaching server endpoint - No response received when attempting to reach /_stcore/health @ http://localhost:8501/static/js/index.dkY5s53S.js:182
[ 1020446ms] [ERROR] Failed to load resource: net::ERR_CONNECTION_REFUSED @ http://localhost:8501/_stcore/host-config:0
[ 1022448ms] [ERROR] Failed to load resource: net::ERR_CONNECTION_REFUSED @ http://localhost:8501/_stcore/health:0
[ 1022449ms] [ERROR] Client Error in reaching server endpoint - No response received when attempting to reach /_stcore/health @ http://localhost:8501/static/js/index.dkY5s53S.js:182
[ 1022449ms] [ERROR] Failed to load resource: net::ERR_CONNECTION_REFUSED @ http://localhost:8501/_stcore/host-config:0
[ 1024455ms] [ERROR] Failed to load resource: net::ERR_CONNECTION_REFUSED @ http://localhost:8501/_stcore/health:0
[ 1024456ms] [ERROR] Client Error in reaching server endpoint - No response received when attempting to reach /_stcore/health @ http://localhost:8501/static/js/index.dkY5s53S.js:182
[ 1024456ms] [ERROR] Failed to load resource: net::ERR_CONNECTION_REFUSED @ http://localhost:8501/_stcore/host-config:0
[ 1026459ms] [ERROR] Failed to load resource: net::ERR_CONNECTION_REFUSED @ http://localhost:8501/_stcore/health:0
[ 1026459ms] [ERROR] Client Error in reaching server endpoint - No response received when attempting to reach /_stcore/health @ http://localhost:8501/static/js/index.dkY5s53S.js:182
[ 1026461ms] [ERROR] Failed to load resource: net::ERR_CONNECTION_REFUSED @ http://localhost:8501/_stcore/host-config:0
[ 1028464ms] [ERROR] Failed to load resource: net::ERR_CONNECTION_REFUSED @ http://localhost:8501/_stcore/health:0
[ 1028464ms] [ERROR] Client Error in reaching server endpoint - No response received when attempting to reach /_stcore/health @ http://localhost:8501/static/js/index.dkY5s53S.js:182
[ 1028464ms] [ERROR] Failed to load resource: net::ERR_CONNECTION_REFUSED @ http://localhost:8501/_stcore/host-config:0
[ 1030469ms] [ERROR] Failed to load resource: net::ERR_CONNECTION_REFUSED @ http://localhost:8501/_stcore/host-config:0
[ 1030469ms] [ERROR] Client Error in reaching server endpoint - No response received when attempting to reach /_stcore/host-config @ http://localhost:8501/static/js/index.dkY5s53S.js:182
[ 1030470ms] [ERROR] Failed to load resource: net::ERR_CONNECTION_REFUSED @ http://localhost:8501/_stcore/health:0
[ 1032473ms] [ERROR] Failed to load resource: net::ERR_CONNECTION_REFUSED @ http://localhost:8501/_stcore/health:0
[ 1032473ms] [ERROR] Client Error in reaching server endpoint - No response received when attempting to reach /_stcore/health @ http://localhost:8501/static/js/index.dkY5s53S.js:182
[ 1032473ms] [ERROR] Failed to load resource: net::ERR_CONNECTION_REFUSED @ http://localhost:8501/_stcore/host-config:0
[ 1034477ms] [ERROR] Failed to load resource: net::ERR_CONNECTION_REFUSED @ http://localhost:8501/_stcore/health:0
[ 1034477ms] [ERROR] Client Error in reaching server endpoint - No response received when attempting to reach /_stcore/health @ http://localhost:8501/static/js/index.dkY5s53S.js:182
[ 1034478ms] [ERROR] Failed to load resource: net::ERR_CONNECTION_REFUSED @ http://localhost:8501/_stcore/host-config:0
[ 1036480ms] [ERROR] Failed to load resource: net::ERR_CONNECTION_REFUSED @ http://localhost:8501/_stcore/health:0
[ 1036481ms] [ERROR] Client Error in reaching server endpoint - No response received when attempting to reach /_stcore/health @ http://localhost:8501/static/js/index.dkY5s53S.js:182
[ 1036481ms] [ERROR] Failed to load resource: net::ERR_CONNECTION_REFUSED @ http://localhost:8501/_stcore/host-config:0
[ 1038486ms] [ERROR] Failed to load resource: net::ERR_CONNECTION_REFUSED @ http://localhost:8501/_stcore/health:0
[ 1038486ms] [ERROR] Client Error in reaching server endpoint - No response received when attempting to reach /_stcore/health @ http://localhost:8501/static/js/index.dkY5s53S.js:182
[ 1038486ms] [ERROR] Failed to load resource: net::ERR_CONNECTION_REFUSED @ http://localhost:8501/_stcore/host-config:0
[ 1040488ms] [ERROR] Failed to load resource: net::ERR_CONNECTION_REFUSED @ http://localhost:8501/_stcore/health:0
[ 1040488ms] [ERROR] Client Error in reaching server endpoint - No response received when attempting to reach /_stcore/health @ http://localhost:8501/static/js/index.dkY5s53S.js:182
[ 1040489ms] [ERROR] Failed to load resource: net::ERR_CONNECTION_REFUSED @ http://localhost:8501/_stcore/host-config:0
[ 1042493ms] [ERROR] Failed to load resource: net::ERR_CONNECTION_REFUSED @ http://localhost:8501/_stcore/health:0
[ 1042493ms] [ERROR] Client Error in reaching server endpoint - No response received when attempting to reach /_stcore/health @ http://localhost:8501/static/js/index.dkY5s53S.js:182
[ 1042493ms] [ERROR] Failed to load resource: net::ERR_CONNECTION_REFUSED @ http://localhost:8501/_stcore/host-config:0
[ 1044498ms] [ERROR] Failed to load resource: net::ERR_CONNECTION_REFUSED @ http://localhost:8501/_stcore/health:0
[ 1044498ms] [ERROR] Client Error in reaching server endpoint - No response received when attempting to reach /_stcore/health @ http://localhost:8501/static/js/index.dkY5s53S.js:182
[ 1044498ms] [ERROR] Failed to load resource: net::ERR_CONNECTION_REFUSED @ http://localhost:8501/_stcore/host-config:0
[ 1046502ms] [ERROR] Failed to load resource: net::ERR_CONNECTION_REFUSED @ http://localhost:8501/_stcore/health:0
[ 1046502ms] [ERROR] Client Error in reaching server endpoint - No response received when attempting to reach /_stcore/health @ http://localhost:8501/static/js/index.dkY5s53S.js:182
[ 1046503ms] [ERROR] Failed to load resource: net::ERR_CONNECTION_REFUSED @ http://localhost:8501/_stcore/host-config:0
[ 1048506ms] [ERROR] Failed to load resource: net::ERR_CONNECTION_REFUSED @ http://localhost:8501/_stcore/health:0
[ 1048506ms] [ERROR] Client Error in reaching server endpoint - No response received when attempting to reach /_stcore/health @ http://localhost:8501/static/js/index.dkY5s53S.js:182
[ 1048506ms] [ERROR] Failed to load resource: net::ERR_CONNECTION_REFUSED @ http://localhost:8501/_stcore/host-config:0
[ 1050512ms] [ERROR] Failed to load resource: net::ERR_CONNECTION_REFUSED @ http://localhost:8501/_stcore/health:0
[ 1050512ms] [ERROR] Client Error in reaching server endpoint - No response received when attempting to reach /_stcore/health @ http://localhost:8501/static/js/index.dkY5s53S.js:182
[ 1050512ms] [ERROR] Failed to load resource: net::ERR_CONNECTION_REFUSED @ http://localhost:8501/_stcore/host-config:0
[ 1052515ms] [ERROR] Failed to load resource: net::ERR_CONNECTION_REFUSED @ http://localhost:8501/_stcore/health:0
[ 1052515ms] [ERROR] Client Error in reaching server endpoint - No response received when attempting to reach /_stcore/health @ http://localhost:8501/static/js/index.dkY5s53S.js:182
[ 1052516ms] [ERROR] Failed to load resource: net::ERR_CONNECTION_REFUSED @ http://localhost:8501/_stcore/host-config:0
[ 1054519ms] [ERROR] Failed to load resource: net::ERR_CONNECTION_REFUSED @ http://localhost:8501/_stcore/health:0
[ 1054519ms] [ERROR] Client Error in reaching server endpoint - No response received when attempting to reach /_stcore/health @ http://localhost:8501/static/js/index.dkY5s53S.js:182
[ 1054520ms] [ERROR] Failed to load resource: net::ERR_CONNECTION_REFUSED @ http://localhost:8501/_stcore/host-config:0
[ 1056522ms] [ERROR] Failed to load resource: net::ERR_CONNECTION_REFUSED @ http://localhost:8501/_stcore/health:0
[ 1056522ms] [ERROR] Client Error in reaching server endpoint - No response received when attempting to reach /_stcore/health @ http://localhost:8501/static/js/index.dkY5s53S.js:182
[ 1056522ms] [ERROR] Failed to load resource: net::ERR_CONNECTION_REFUSED @ http://localhost:8501/_stcore/host-config:0
[ 1058526ms] [ERROR] Failed to load resource: net::ERR_CONNECTION_REFUSED @ http://localhost:8501/_stcore/health:0
[ 1058526ms] [ERROR] Client Error in reaching server endpoint - No response received when attempting to reach /_stcore/health @ http://localhost:8501/static/js/index.dkY5s53S.js:182
[ 1058526ms] [ERROR] Failed to load resource: net::ERR_CONNECTION_REFUSED @ http://localhost:8501/_stcore/host-config:0
[ 1060530ms] [ERROR] Failed to load resource: net::ERR_CONNECTION_REFUSED @ http://localhost:8501/_stcore/health:0
[ 1060530ms] [ERROR] Client Error in reaching server endpoint - No response received when attempting to reach /_stcore/health @ http://localhost:8501/static/js/index.dkY5s53S.js:182
[ 1060530ms] [ERROR] Failed to load resource: net::ERR_CONNECTION_REFUSED @ http://localhost:8501/_stcore/host-config:0
[ 1062533ms] [ERROR] Failed to load resource: net::ERR_CONNECTION_REFUSED @ http://localhost:8501/_stcore/health:0
[ 1062533ms] [ERROR] Client Error in reaching server endpoint - No response received when attempting to reach /_stcore/health @ http://localhost:8501/static/js/index.dkY5s53S.js:182
[ 1062533ms] [ERROR] Failed to load resource: net::ERR_CONNECTION_REFUSED @ http://localhost:8501/_stcore/host-config:0
[ 1064537ms] [ERROR] Failed to load resource: net::ERR_CONNECTION_REFUSED @ http://localhost:8501/_stcore/health:0
[ 1064537ms] [ERROR] Client Error in reaching server endpoint - No response received when attempting to reach /_stcore/health @ http://localhost:8501/static/js/index.dkY5s53S.js:182
[ 1064537ms] [ERROR] Failed to load resource: net::ERR_CONNECTION_REFUSED @ http://localhost:8501/_stcore/host-config:0
[ 1066541ms] [ERROR] Failed to load resource: net::ERR_CONNECTION_REFUSED @ http://localhost:8501/_stcore/health:0
[ 1066541ms] [ERROR] Client Error in reaching server endpoint - No response received when attempting to reach /_stcore/health @ http://localhost:8501/static/js/index.dkY5s53S.js:182
[ 1066541ms] [ERROR] Failed to load resource: net::ERR_CONNECTION_REFUSED @ http://localhost:8501/_stcore/host-config:0
[ 1068546ms] [ERROR] Failed to load resource: net::ERR_CONNECTION_REFUSED @ http://localhost:8501/_stcore/health:0
[ 1068546ms] [ERROR] Client Error in reaching server endpoint - No response received when attempting to reach /_stcore/health @ http://localhost:8501/static/js/index.dkY5s53S.js:182
[ 1068546ms] [ERROR] Failed to load resource: net::ERR_CONNECTION_REFUSED @ http://localhost:8501/_stcore/host-config:0
[ 1070550ms] [ERROR] Failed to load resource: net::ERR_CONNECTION_REFUSED @ http://localhost:8501/_stcore/health:0
[ 1070550ms] [ERROR] Client Error in reaching server endpoint - No response received when attempting to reach /_stcore/health @ http://localhost:8501/static/js/index.dkY5s53S.js:182
[ 1070550ms] [ERROR] Failed to load resource: net::ERR_CONNECTION_REFUSED @ http://localhost:8501/_stcore/host-config:0
[ 1072554ms] [ERROR] Failed to load resource: net::ERR_CONNECTION_REFUSED @ http://localhost:8501/_stcore/health:0
[ 1072555ms] [ERROR] Client Error in reaching server endpoint - No response received when attempting to reach /_stcore/health @ http://localhost:8501/static/js/index.dkY5s53S.js:182
[ 1072555ms] [ERROR] Failed to load resource: net::ERR_CONNECTION_REFUSED @ http://localhost:8501/_stcore/host-config:0
[ 1074558ms] [ERROR] Failed to load resource: net::ERR_CONNECTION_REFUSED @ http://localhost:8501/_stcore/health:0
[ 1074558ms] [ERROR] Client Error in reaching server endpoint - No response received when attempting to reach /_stcore/health @ http://localhost:8501/static/js/index.dkY5s53S.js:182
[ 1074559ms] [ERROR] Failed to load resource: net::ERR_CONNECTION_REFUSED @ http://localhost:8501/_stcore/host-config:0
[ 1076563ms] [ERROR] Failed to load resource: net::ERR_CONNECTION_REFUSED @ http://localhost:8501/_stcore/health:0
[ 1076563ms] [ERROR] Client Error in reaching server endpoint - No response received when attempting to reach /_stcore/health @ http://localhost:8501/static/js/index.dkY5s53S.js:182
[ 1076563ms] [ERROR] Failed to load resource: net::ERR_CONNECTION_REFUSED @ http://localhost:8501/_stcore/host-config:0
[ 1078567ms] [ERROR] Failed to load resource: net::ERR_CONNECTION_REFUSED @ http://localhost:8501/_stcore/health:0
[ 1078567ms] [ERROR] Client Error in reaching server endpoint - No response received when attempting to reach /_stcore/health @ http://localhost:8501/static/js/index.dkY5s53S.js:182
[ 1078567ms] [ERROR] Failed to load resource: net::ERR_CONNECTION_REFUSED @ http://localhost:8501/_stcore/host-config:0
[ 1080570ms] [ERROR] Failed to load resource: net::ERR_CONNECTION_REFUSED @ http://localhost:8501/_stcore/health:0
[ 1080571ms] [ERROR] Client Error in reaching server endpoint - No response received when attempting to reach /_stcore/health @ http://localhost:8501/static/js/index.dkY5s53S.js:182
[ 1080571ms] [ERROR] Failed to load resource: net::ERR_CONNECTION_REFUSED @ http://localhost:8501/_stcore/host-config:0
[ 1082574ms] [ERROR] Failed to load resource: net::ERR_CONNECTION_REFUSED @ http://localhost:8501/_stcore/health:0
[ 1082574ms] [ERROR] Client Error in reaching server endpoint - No response received when attempting to reach /_stcore/health @ http://localhost:8501/static/js/index.dkY5s53S.js:182
[ 1082575ms] [ERROR] Failed to load resource: net::ERR_CONNECTION_REFUSED @ http://localhost:8501/_stcore/host-config:0
[ 1084578ms] [ERROR] Failed to load resource: net::ERR_CONNECTION_REFUSED @ http://localhost:8501/_stcore/health:0
[ 1084579ms] [ERROR] Client Error in reaching server endpoint - No response received when attempting to reach /_stcore/health @ http://localhost:8501/static/js/index.dkY5s53S.js:182
[ 1084579ms] [ERROR] Failed to load resource: net::ERR_CONNECTION_REFUSED @ http://localhost:8501/_stcore/host-config:0
[ 1086583ms] [ERROR] Failed to load resource: net::ERR_CONNECTION_REFUSED @ http://localhost:8501/_stcore/health:0
[ 1086583ms] [ERROR] Client Error in reaching server endpoint - No response received when attempting to reach /_stcore/health @ http://localhost:8501/static/js/index.dkY5s53S.js:182
[ 1086584ms] [ERROR] Failed to load resource: net::ERR_CONNECTION_REFUSED @ http://localhost:8501/_stcore/host-config:0
[ 1088588ms] [ERROR] Failed to load resource: net::ERR_CONNECTION_REFUSED @ http://localhost:8501/_stcore/health:0
[ 1088588ms] [ERROR] Client Error in reaching server endpoint - No response received when attempting to reach /_stcore/health @ http://localhost:8501/static/js/index.dkY5s53S.js:182
[ 1088588ms] [ERROR] Failed to load resource: net::ERR_CONNECTION_REFUSED @ http://localhost:8501/_stcore/host-config:0
[ 1090592ms] [ERROR] Failed to load resource: net::ERR_CONNECTION_REFUSED @ http://localhost:8501/_stcore/health:0
[ 1090593ms] [ERROR] Client Error in reaching server endpoint - No response received when attempting to reach /_stcore/health @ http://localhost:8501/static/js/index.dkY5s53S.js:182
[ 1090593ms] [ERROR] Failed to load resource: net::ERR_CONNECTION_REFUSED @ http://localhost:8501/_stcore/host-config:0
[ 1092597ms] [ERROR] Failed to load resource: net::ERR_CONNECTION_REFUSED @ http://localhost:8501/_stcore/health:0
[ 1092597ms] [ERROR] Client Error in reaching server endpoint - No response received when attempting to reach /_stcore/health @ http://localhost:8501/static/js/index.dkY5s53S.js:182
[ 1092598ms] [ERROR] Failed to load resource: net::ERR_CONNECTION_REFUSED @ http://localhost:8501/_stcore/host-config:0
[ 1094600ms] [ERROR] Failed to load resource: net::ERR_CONNECTION_REFUSED @ http://localhost:8501/_stcore/health:0
[ 1094600ms] [ERROR] Client Error in reaching server endpoint - No response received when attempting to reach /_stcore/health @ http://localhost:8501/static/js/index.dkY5s53S.js:182
[ 1094600ms] [ERROR] Failed to load resource: net::ERR_CONNECTION_REFUSED @ http://localhost:8501/_stcore/host-config:0
[ 1096604ms] [ERROR] Failed to load resource: net::ERR_CONNECTION_REFUSED @ http://localhost:8501/_stcore/health:0
[ 1096605ms] [ERROR] Client Error in reaching server endpoint - No response received when attempting to reach /_stcore/health @ http://localhost:8501/static/js/index.dkY5s53S.js:182
[ 1096605ms] [ERROR] Failed to load resource: net::ERR_CONNECTION_REFUSED @ http://localhost:8501/_stcore/host-config:0
[ 1098609ms] [ERROR] Failed to load resource: net::ERR_CONNECTION_REFUSED @ http://localhost:8501/_stcore/host-config:0
[ 1098610ms] [ERROR] Client Error in reaching server endpoint - No response received when attempting to reach /_stcore/host-config @ http://localhost:8501/static/js/index.dkY5s53S.js:182
[ 1098611ms] [ERROR] Failed to load resource: net::ERR_CONNECTION_REFUSED @ http://localhost:8501/_stcore/health:0
[ 1100614ms] [ERROR] Failed to load resource: net::ERR_CONNECTION_REFUSED @ http://localhost:8501/_stcore/health:0
[ 1100614ms] [ERROR] Client Error in reaching server endpoint - No response received when attempting to reach /_stcore/health @ http://localhost:8501/static/js/index.dkY5s53S.js:182
[ 1100614ms] [ERROR] Failed to load resource: net::ERR_CONNECTION_REFUSED @ http://localhost:8501/_stcore/host-config:0
[ 1102618ms] [ERROR] Failed to load resource: net::ERR_CONNECTION_REFUSED @ http://localhost:8501/_stcore/health:0
[ 1102619ms] [ERROR] Client Error in reaching server endpoint - No response received when attempting to reach /_stcore/health @ http://localhost:8501/static/js/index.dkY5s53S.js:182
[ 1102619ms] [ERROR] Failed to load resource: net::ERR_CONNECTION_REFUSED @ http://localhost:8501/_stcore/host-config:0
[ 1104623ms] [ERROR] Failed to load resource: net::ERR_CONNECTION_REFUSED @ http://localhost:8501/_stcore/health:0
[ 1104623ms] [ERROR] Client Error in reaching server endpoint - No response received when attempting to reach /_stcore/health @ http://localhost:8501/static/js/index.dkY5s53S.js:182
[ 1104623ms] [ERROR] Failed to load resource: net::ERR_CONNECTION_REFUSED @ http://localhost:8501/_stcore/host-config:0
[ 1106628ms] [ERROR] Failed to load resource: net::ERR_CONNECTION_REFUSED @ http://localhost:8501/_stcore/health:0
[ 1106629ms] [ERROR] Client Error in reaching server endpoint - No response received when attempting to reach /_stcore/health @ http://localhost:8501/static/js/index.dkY5s53S.js:182
[ 1106629ms] [ERROR] Failed to load resource: net::ERR_CONNECTION_REFUSED @ http://localhost:8501/_stcore/host-config:0
[ 1108632ms] [ERROR] Failed to load resource: net::ERR_CONNECTION_REFUSED @ http://localhost:8501/_stcore/health:0
[ 1108632ms] [ERROR] Client Error in reaching server endpoint - No response received when attempting to reach /_stcore/health @ http://localhost:8501/static/js/index.dkY5s53S.js:182
[ 1108633ms] [ERROR] Failed to load resource: net::ERR_CONNECTION_REFUSED @ http://localhost:8501/_stcore/host-config:0
[ 1110636ms] [ERROR] Failed to load resource: net::ERR_CONNECTION_REFUSED @ http://localhost:8501/_stcore/health:0
[ 1110636ms] [ERROR] Client Error in reaching server endpoint - No response received when attempting to reach /_stcore/health @ http://localhost:8501/static/js/index.dkY5s53S.js:182
[ 1110637ms] [ERROR] Failed to load resource: net::ERR_CONNECTION_REFUSED @ http://localhost:8501/_stcore/host-config:0
[ 1112647ms] [ERROR] Failed to load resource: net::ERR_CONNECTION_REFUSED @ http://localhost:8501/_stcore/health:0
[ 1112647ms] [ERROR] Client Error in reaching server endpoint - No response received when attempting to reach /_stcore/health @ http://localhost:8501/static/js/index.dkY5s53S.js:182
[ 1112647ms] [ERROR] Failed to load resource: net::ERR_CONNECTION_REFUSED @ http://localhost:8501/_stcore/host-config:0
[ 1114651ms] [ERROR] Failed to load resource: net::ERR_CONNECTION_REFUSED @ http://localhost:8501/_stcore/host-config:0
[ 1114652ms] [ERROR] Client Error in reaching server endpoint - No response received when attempting to reach /_stcore/host-config @ http://localhost:8501/static/js/index.dkY5s53S.js:182
[ 1114653ms] [ERROR] Failed to load resource: net::ERR_CONNECTION_REFUSED @ http://localhost:8501/_stcore/health:0
[ 1116655ms] [ERROR] Failed to load resource: net::ERR_CONNECTION_REFUSED @ http://localhost:8501/_stcore/health:0
[ 1116656ms] [ERROR] Client Error in reaching server endpoint - No response received when attempting to reach /_stcore/health @ http://localhost:8501/static/js/index.dkY5s53S.js:182
[ 1116656ms] [ERROR] Failed to load resource: net::ERR_CONNECTION_REFUSED @ http://localhost:8501/_stcore/host-config:0
[ 1118660ms] [ERROR] Failed to load resource: net::ERR_CONNECTION_REFUSED @ http://localhost:8501/_stcore/health:0
[ 1118660ms] [ERROR] Client Error in reaching server endpoint - No response received when attempting to reach /_stcore/health @ http://localhost:8501/static/js/index.dkY5s53S.js:182
[ 1118661ms] [ERROR] Failed to load resource: net::ERR_CONNECTION_REFUSED @ http://localhost:8501/_stcore/host-config:0
[ 1120664ms] [ERROR] Failed to load resource: net::ERR_CONNECTION_REFUSED @ http://localhost:8501/_stcore/health:0
[ 1120664ms] [ERROR] Client Error in reaching server endpoint - No response received when attempting to reach /_stcore/health @ http://localhost:8501/static/js/index.dkY5s53S.js:182
[ 1120665ms] [ERROR] Failed to load resource: net::ERR_CONNECTION_REFUSED @ http://localhost:8501/_stcore/host-config:0
[ 1122669ms] [ERROR] Failed to load resource: net::ERR_CONNECTION_REFUSED @ http://localhost:8501/_stcore/health:0
[ 1122669ms] [ERROR] Client Error in reaching server endpoint - No response received when attempting to reach /_stcore/health @ http://localhost:8501/static/js/index.dkY5s53S.js:182
[ 1122669ms] [ERROR] Failed to load resource: net::ERR_CONNECTION_REFUSED @ http://localhost:8501/_stcore/host-config:0
[ 1124673ms] [ERROR] Failed to load resource: net::ERR_CONNECTION_REFUSED @ http://localhost:8501/_stcore/health:0
[ 1124674ms] [ERROR] Client Error in reaching server endpoint - No response received when attempting to reach /_stcore/health @ http://localhost:8501/static/js/index.dkY5s53S.js:182
[ 1124674ms] [ERROR] Failed to load resource: net::ERR_CONNECTION_REFUSED @ http://localhost:8501/_stcore/host-config:0
[ 1126679ms] [ERROR] Failed to load resource: net::ERR_CONNECTION_REFUSED @ http://localhost:8501/_stcore/health:0
[ 1126679ms] [ERROR] Client Error in reaching server endpoint - No response received when attempting to reach /_stcore/health @ http://localhost:8501/static/js/index.dkY5s53S.js:182
[ 1126679ms] [ERROR] Failed to load resource: net::ERR_CONNECTION_REFUSED @ http://localhost:8501/_stcore/host-config:0
[ 1128683ms] [ERROR] Failed to load resource: net::ERR_CONNECTION_REFUSED @ http://localhost:8501/_stcore/health:0
[ 1128683ms] [ERROR] Client Error in reaching server endpoint - No response received when attempting to reach /_stcore/health @ http://localhost:8501/static/js/index.dkY5s53S.js:182
[ 1128684ms] [ERROR] Failed to load resource: net::ERR_CONNECTION_REFUSED @ http://localhost:8501/_stcore/host-config:0
[ 1130687ms] [ERROR] Failed to load resource: net::ERR_CONNECTION_REFUSED @ http://localhost:8501/_stcore/health:0
[ 1130688ms] [ERROR] Client Error in reaching server endpoint - No response received when attempting to reach /_stcore/health @ http://localhost:8501/static/js/index.dkY5s53S.js:182
[ 1130688ms] [ERROR] Failed to load resource: net::ERR_CONNECTION_REFUSED @ http://localhost:8501/_stcore/host-config:0
[ 1132692ms] [ERROR] Failed to load resource: net::ERR_CONNECTION_REFUSED @ http://localhost:8501/_stcore/health:0
[ 1132692ms] [ERROR] Client Error in reaching server endpoint - No response received when attempting to reach /_stcore/health @ http://localhost:8501/static/js/index.dkY5s53S.js:182
[ 1132694ms] [ERROR] Failed to load resource: net::ERR_CONNECTION_REFUSED @ http://localhost:8501/_stcore/host-config:0
[ 1134696ms] [ERROR] Failed to load resource: net::ERR_CONNECTION_REFUSED @ http://localhost:8501/_stcore/health:0
[ 1134696ms] [ERROR] Client Error in reaching server endpoint - No response received when attempting to reach /_stcore/health @ http://localhost:8501/static/js/index.dkY5s53S.js:182
[ 1134696ms] [ERROR] Failed to load resource: net::ERR_CONNECTION_REFUSED @ http://localhost:8501/_stcore/host-config:0
[ 1136698ms] [ERROR] Failed to load resource: net::ERR_CONNECTION_REFUSED @ http://localhost:8501/_stcore/health:0
[ 1136698ms] [ERROR] Client Error in reaching server endpoint - No response received when attempting to reach /_stcore/health @ http://localhost:8501/static/js/index.dkY5s53S.js:182
[ 1136699ms] [ERROR] Failed to load resource: net::ERR_CONNECTION_REFUSED @ http://localhost:8501/_stcore/host-config:0
[ 1138702ms] [ERROR] Failed to load resource: net::ERR_CONNECTION_REFUSED @ http://localhost:8501/_stcore/health:0
[ 1138702ms] [ERROR] Client Error in reaching server endpoint - No response received when attempting to reach /_stcore/health @ http://localhost:8501/static/js/index.dkY5s53S.js:182
[ 1138703ms] [ERROR] Failed to load resource: net::ERR_CONNECTION_REFUSED @ http://localhost:8501/_stcore/host-config:0
[ 1140706ms] [ERROR] Failed to load resource: net::ERR_CONNECTION_REFUSED @ http://localhost:8501/_stcore/health:0
[ 1140706ms] [ERROR] Client Error in reaching server endpoint - No response received when attempting to reach /_stcore/health @ http://localhost:8501/static/js/index.dkY5s53S.js:182
[ 1140707ms] [ERROR] Failed to load resource: net::ERR_CONNECTION_REFUSED @ http://localhost:8501/_stcore/host-config:0
[ 1142711ms] [ERROR] Failed to load resource: net::ERR_CONNECTION_REFUSED @ http://localhost:8501/_stcore/health:0
[ 1142711ms] [ERROR] Client Error in reaching server endpoint - No response received when attempting to reach /_stcore/health @ http://localhost:8501/static/js/index.dkY5s53S.js:182
[ 1142711ms] [ERROR] Failed to load resource: net::ERR_CONNECTION_REFUSED @ http://localhost:8501/_stcore/host-config:0
[ 1144719ms] [ERROR] Failed to load resource: net::ERR_CONNECTION_REFUSED @ http://localhost:8501/_stcore/health:0
[ 1144719ms] [ERROR] Client Error in reaching server endpoint - No response received when attempting to reach /_stcore/health @ http://localhost:8501/static/js/index.dkY5s53S.js:182
[ 1144720ms] [ERROR] Failed to load resource: net::ERR_CONNECTION_REFUSED @ http://localhost:8501/_stcore/host-config:0
[ 1146723ms] [ERROR] Failed to load resource: net::ERR_CONNECTION_REFUSED @ http://localhost:8501/_stcore/health:0
[ 1146723ms] [ERROR] Client Error in reaching server endpoint - No response received when attempting to reach /_stcore/health @ http://localhost:8501/static/js/index.dkY5s53S.js:182
[ 1146723ms] [ERROR] Failed to load resource: net::ERR_CONNECTION_REFUSED @ http://localhost:8501/_stcore/host-config:0
[ 1148726ms] [ERROR] Failed to load resource: net::ERR_CONNECTION_REFUSED @ http://localhost:8501/_stcore/host-config:0
[ 1148727ms] [ERROR] Client Error in reaching server endpoint - No response received when attempting to reach /_stcore/host-config @ http://localhost:8501/static/js/index.dkY5s53S.js:182
[ 1148728ms] [ERROR] Failed to load resource: net::ERR_CONNECTION_REFUSED @ http://localhost:8501/_stcore/health:0
[ 1150731ms] [ERROR] Failed to load resource: net::ERR_CONNECTION_REFUSED @ http://localhost:8501/_stcore/health:0
[ 1150731ms] [ERROR] Client Error in reaching server endpoint - No response received when attempting to reach /_stcore/health @ http://localhost:8501/static/js/index.dkY5s53S.js:182
[ 1150731ms] [ERROR] Failed to load resource: net::ERR_CONNECTION_REFUSED @ http://localhost:8501/_stcore/host-config:0
[ 1152735ms] [ERROR] Failed to load resource: net::ERR_CONNECTION_REFUSED @ http://localhost:8501/_stcore/health:0
[ 1152735ms] [ERROR] Client Error in reaching server endpoint - No response received when attempting to reach /_stcore/health @ http://localhost:8501/static/js/index.dkY5s53S.js:182
[ 1152736ms] [ERROR] Failed to load resource: net::ERR_CONNECTION_REFUSED @ http://localhost:8501/_stcore/host-config:0
[ 1154739ms] [ERROR] Failed to load resource: net::ERR_CONNECTION_REFUSED @ http://localhost:8501/_stcore/health:0
[ 1154739ms] [ERROR] Client Error in reaching server endpoint - No response received when attempting to reach /_stcore/health @ http://localhost:8501/static/js/index.dkY5s53S.js:182
[ 1154739ms] [ERROR] Failed to load resource: net::ERR_CONNECTION_REFUSED @ http://localhost:8501/_stcore/host-config:0
[ 1156743ms] [ERROR] Failed to load resource: net::ERR_CONNECTION_REFUSED @ http://localhost:8501/_stcore/health:0
[ 1156744ms] [ERROR] Client Error in reaching server endpoint - No response received when attempting to reach /_stcore/health @ http://localhost:8501/static/js/index.dkY5s53S.js:182
[ 1156745ms] [ERROR] Failed to load resource: net::ERR_CONNECTION_REFUSED @ http://localhost:8501/_stcore/host-config:0
[ 1158747ms] [ERROR] Failed to load resource: net::ERR_CONNECTION_REFUSED @ http://localhost:8501/_stcore/health:0
[ 1158747ms] [ERROR] Client Error in reaching server endpoint - No response received when attempting to reach /_stcore/health @ http://localhost:8501/static/js/index.dkY5s53S.js:182
[ 1158748ms] [ERROR] Failed to load resource: net::ERR_CONNECTION_REFUSED @ http://localhost:8501/_stcore/host-config:0
[ 1160751ms] [ERROR] Failed to load resource: net::ERR_CONNECTION_REFUSED @ http://localhost:8501/_stcore/health:0
[ 1160751ms] [ERROR] Client Error in reaching server endpoint - No response received when attempting to reach /_stcore/health @ http://localhost:8501/static/js/index.dkY5s53S.js:182
[ 1160752ms] [ERROR] Failed to load resource: net::ERR_CONNECTION_REFUSED @ http://localhost:8501/_stcore/host-config:0
[ 1162756ms] [ERROR] Failed to load resource: net::ERR_CONNECTION_REFUSED @ http://localhost:8501/_stcore/health:0
[ 1162756ms] [ERROR] Client Error in reaching server endpoint - No response received when attempting to reach /_stcore/health @ http://localhost:8501/static/js/index.dkY5s53S.js:182
[ 1162756ms] [ERROR] Failed to load resource: net::ERR_CONNECTION_REFUSED @ http://localhost:8501/_stcore/host-config:0
[ 1164762ms] [ERROR] Failed to load resource: net::ERR_CONNECTION_REFUSED @ http://localhost:8501/_stcore/health:0
[ 1164762ms] [ERROR] Client Error in reaching server endpoint - No response received when attempting to reach /_stcore/health @ http://localhost:8501/static/js/index.dkY5s53S.js:182
[ 1164763ms] [ERROR] Failed to load resource: net::ERR_CONNECTION_REFUSED @ http://localhost:8501/_stcore/host-config:0
[ 1166766ms] [ERROR] Failed to load resource: net::ERR_CONNECTION_REFUSED @ http://localhost:8501/_stcore/health:0
[ 1166766ms] [ERROR] Client Error in reaching server endpoint - No response received when attempting to reach /_stcore/health @ http://localhost:8501/static/js/index.dkY5s53S.js:182
[ 1166766ms] [ERROR] Failed to load resource: net::ERR_CONNECTION_REFUSED @ http://localhost:8501/_stcore/host-config:0
[ 1168769ms] [ERROR] Failed to load resource: net::ERR_CONNECTION_REFUSED @ http://localhost:8501/_stcore/health:0
[ 1168769ms] [ERROR] Client Error in reaching server endpoint - No response received when attempting to reach /_stcore/health @ http://localhost:8501/static/js/index.dkY5s53S.js:182
[ 1168769ms] [ERROR] Failed to load resource: net::ERR_CONNECTION_REFUSED @ http://localhost:8501/_stcore/host-config:0
[ 1170772ms] [ERROR] Failed to load resource: net::ERR_CONNECTION_REFUSED @ http://localhost:8501/_stcore/health:0
[ 1170772ms] [ERROR] Client Error in reaching server endpoint - No response received when attempting to reach /_stcore/health @ http://localhost:8501/static/js/index.dkY5s53S.js:182
[ 1170772ms] [ERROR] Failed to load resource: net::ERR_CONNECTION_REFUSED @ http://localhost:8501/_stcore/host-config:0
[ 1172776ms] [ERROR] Failed to load resource: net::ERR_CONNECTION_REFUSED @ http://localhost:8501/_stcore/health:0
[ 1172776ms] [ERROR] Client Error in reaching server endpoint - No response received when attempting to reach /_stcore/health @ http://localhost:8501/static/js/index.dkY5s53S.js:182
[ 1172776ms] [ERROR] Failed to load resource: net::ERR_CONNECTION_REFUSED @ http://localhost:8501/_stcore/host-config:0
[ 1174780ms] [ERROR] Failed to load resource: net::ERR_CONNECTION_REFUSED @ http://localhost:8501/_stcore/health:0
[ 1174780ms] [ERROR] Client Error in reaching server endpoint - No response received when attempting to reach /_stcore/health @ http://localhost:8501/static/js/index.dkY5s53S.js:182
[ 1174780ms] [ERROR] Failed to load resource: net::ERR_CONNECTION_REFUSED @ http://localhost:8501/_stcore/host-config:0
[ 1176784ms] [ERROR] Failed to load resource: net::ERR_CONNECTION_REFUSED @ http://localhost:8501/_stcore/health:0
[ 1176785ms] [ERROR] Client Error in reaching server endpoint - No response received when attempting to reach /_stcore/health @ http://localhost:8501/static/js/index.dkY5s53S.js:182
[ 1176785ms] [ERROR] Failed to load resource: net::ERR_CONNECTION_REFUSED @ http://localhost:8501/_stcore/host-config:0
[ 1178788ms] [ERROR] Failed to load resource: net::ERR_CONNECTION_REFUSED @ http://localhost:8501/_stcore/health:0
[ 1178788ms] [ERROR] Client Error in reaching server endpoint - No response received when attempting to reach /_stcore/health @ http://localhost:8501/static/js/index.dkY5s53S.js:182
[ 1178788ms] [ERROR] Failed to load resource: net::ERR_CONNECTION_REFUSED @ http://localhost:8501/_stcore/host-config:0
[ 1180792ms] [ERROR] Failed to load resource: net::ERR_CONNECTION_REFUSED @ http://localhost:8501/_stcore/health:0
[ 1180792ms] [ERROR] Client Error in reaching server endpoint - No response received when attempting to reach /_stcore/health @ http://localhost:8501/static/js/index.dkY5s53S.js:182
[ 1180792ms] [ERROR] Failed to load resource: net::ERR_CONNECTION_REFUSED @ http://localhost:8501/_stcore/host-config:0
[ 1182795ms] [ERROR] Failed to load resource: net::ERR_CONNECTION_REFUSED @ http://localhost:8501/_stcore/health:0
[ 1182796ms] [ERROR] Client Error in reaching server endpoint - No response received when attempting to reach /_stcore/health @ http://localhost:8501/static/js/index.dkY5s53S.js:182
[ 1182796ms] [ERROR] Failed to load resource: net::ERR_CONNECTION_REFUSED @ http://localhost:8501/_stcore/host-config:0
[ 1184800ms] [ERROR] Failed to load resource: net::ERR_CONNECTION_REFUSED @ http://localhost:8501/_stcore/health:0
[ 1184800ms] [ERROR] Client Error in reaching server endpoint - No response received when attempting to reach /_stcore/health @ http://localhost:8501/static/js/index.dkY5s53S.js:182
[ 1184801ms] [ERROR] Failed to load resource: net::ERR_CONNECTION_REFUSED @ http://localhost:8501/_stcore/host-config:0
[ 1186803ms] [ERROR] Failed to load resource: net::ERR_CONNECTION_REFUSED @ http://localhost:8501/_stcore/health:0
[ 1186803ms] [ERROR] Client Error in reaching server endpoint - No response received when attempting to reach /_stcore/health @ http://localhost:8501/static/js/index.dkY5s53S.js:182
[ 1186804ms] [ERROR] Failed to load resource: net::ERR_CONNECTION_REFUSED @ http://localhost:8501/_stcore/host-config:0
[ 1188808ms] [ERROR] Failed to load resource: net::ERR_CONNECTION_REFUSED @ http://localhost:8501/_stcore/health:0
[ 1188808ms] [ERROR] Client Error in reaching server endpoint - No response received when attempting to reach /_stcore/health @ http://localhost:8501/static/js/index.dkY5s53S.js:182
[ 1188808ms] [ERROR] Failed to load resource: net::ERR_CONNECTION_REFUSED @ http://localhost:8501/_stcore/host-config:0
[ 1190810ms] [ERROR] Failed to load resource: net::ERR_CONNECTION_REFUSED @ http://localhost:8501/_stcore/health:0
[ 1190811ms] [ERROR] Client Error in reaching server endpoint - No response received when attempting to reach /_stcore/health @ http://localhost:8501/static/js/index.dkY5s53S.js:182
[ 1190811ms] [ERROR] Failed to load resource: net::ERR_CONNECTION_REFUSED @ http://localhost:8501/_stcore/host-config:0
[ 1192814ms] [ERROR] Failed to load resource: net::ERR_CONNECTION_REFUSED @ http://localhost:8501/_stcore/health:0
[ 1192814ms] [ERROR] Client Error in reaching server endpoint - No response received when attempting to reach /_stcore/health @ http://localhost:8501/static/js/index.dkY5s53S.js:182
[ 1192814ms] [ERROR] Failed to load resource: net::ERR_CONNECTION_REFUSED @ http://localhost:8501/_stcore/host-config:0
[ 1194817ms] [ERROR] Failed to load resource: net::ERR_CONNECTION_REFUSED @ http://localhost:8501/_stcore/health:0
[ 1194817ms] [ERROR] Client Error in reaching server endpoint - No response received when attempting to reach /_stcore/health @ http://localhost:8501/static/js/index.dkY5s53S.js:182
[ 1194818ms] [ERROR] Failed to load resource: net::ERR_CONNECTION_REFUSED @ http://localhost:8501/_stcore/host-config:0
[ 1196820ms] [ERROR] Failed to load resource: net::ERR_CONNECTION_REFUSED @ http://localhost:8501/_stcore/health:0
[ 1196821ms] [ERROR] Client Error in reaching server endpoint - No response received when attempting to reach /_stcore/health @ http://localhost:8501/static/js/index.dkY5s53S.js:182
[ 1196821ms] [ERROR] Failed to load resource: net::ERR_CONNECTION_REFUSED @ http://localhost:8501/_stcore/host-config:0
[ 1198825ms] [ERROR] Failed to load resource: net::ERR_CONNECTION_REFUSED @ http://localhost:8501/_stcore/health:0
[ 1198825ms] [ERROR] Client Error in reaching server endpoint - No response received when attempting to reach /_stcore/health @ http://localhost:8501/static/js/index.dkY5s53S.js:182
[ 1198826ms] [ERROR] Failed to load resource: net::ERR_CONNECTION_REFUSED @ http://localhost:8501/_stcore/host-config:0
[ 1200829ms] [ERROR] Failed to load resource: net::ERR_CONNECTION_REFUSED @ http://localhost:8501/_stcore/host-config:0
[ 1200829ms] [ERROR] Client Error in reaching server endpoint - No response received when attempting to reach /_stcore/host-config @ http://localhost:8501/static/js/index.dkY5s53S.js:182
[ 1200830ms] [ERROR] Failed to load resource: net::ERR_CONNECTION_REFUSED @ http://localhost:8501/_stcore/health:0
[ 1202831ms] [ERROR] Failed to load resource: net::ERR_CONNECTION_REFUSED @ http://localhost:8501/_stcore/health:0
[ 1202831ms] [ERROR] Client Error in reaching server endpoint - No response received when attempting to reach /_stcore/health @ http://localhost:8501/static/js/index.dkY5s53S.js:182
[ 1202831ms] [ERROR] Failed to load resource: net::ERR_CONNECTION_REFUSED @ http://localhost:8501/_stcore/host-config:0
[ 1204835ms] [ERROR] Failed to load resource: net::ERR_CONNECTION_REFUSED @ http://localhost:8501/_stcore/health:0
[ 1204835ms] [ERROR] Client Error in reaching server endpoint - No response received when attempting to reach /_stcore/health @ http://localhost:8501/static/js/index.dkY5s53S.js:182
[ 1204835ms] [ERROR] Failed to load resource: net::ERR_CONNECTION_REFUSED @ http://localhost:8501/_stcore/host-config:0
[ 1206839ms] [ERROR] Failed to load resource: net::ERR_CONNECTION_REFUSED @ http://localhost:8501/_stcore/health:0
[ 1206839ms] [ERROR] Client Error in reaching server endpoint - No response received when attempting to reach /_stcore/health @ http://localhost:8501/static/js/index.dkY5s53S.js:182
[ 1206840ms] [ERROR] Failed to load resource: net::ERR_CONNECTION_REFUSED @ http://localhost:8501/_stcore/host-config:0
[ 1208844ms] [ERROR] Failed to load resource: net::ERR_CONNECTION_REFUSED @ http://localhost:8501/_stcore/health:0
[ 1208844ms] [ERROR] Client Error in reaching server endpoint - No response received when attempting to reach /_stcore/health @ http://localhost:8501/static/js/index.dkY5s53S.js:182
[ 1208844ms] [ERROR] Failed to load resource: net::ERR_CONNECTION_REFUSED @ http://localhost:8501/_stcore/host-config:0
[ 1210848ms] [ERROR] Failed to load resource: net::ERR_CONNECTION_REFUSED @ http://localhost:8501/_stcore/health:0
[ 1210848ms] [ERROR] Client Error in reaching server endpoint - No response received when attempting to reach /_stcore/health @ http://localhost:8501/static/js/index.dkY5s53S.js:182
[ 1210849ms] [ERROR] Failed to load resource: net::ERR_CONNECTION_REFUSED @ http://localhost:8501/_stcore/host-config:0
[ 1212853ms] [ERROR] Failed to load resource: net::ERR_CONNECTION_REFUSED @ http://localhost:8501/_stcore/health:0
[ 1212853ms] [ERROR] Client Error in reaching server endpoint - No response received when attempting to reach /_stcore/health @ http://localhost:8501/static/js/index.dkY5s53S.js:182
[ 1212853ms] [ERROR] Failed to load resource: net::ERR_CONNECTION_REFUSED @ http://localhost:8501/_stcore/host-config:0
[ 1214858ms] [ERROR] Failed to load resource: net::ERR_CONNECTION_REFUSED @ http://localhost:8501/_stcore/health:0
[ 1214858ms] [ERROR] Client Error in reaching server endpoint - No response received when attempting to reach /_stcore/health @ http://localhost:8501/static/js/index.dkY5s53S.js:182
[ 1214858ms] [ERROR] Failed to load resource: net::ERR_CONNECTION_REFUSED @ http://localhost:8501/_stcore/host-config:0
[ 1216862ms] [ERROR] Failed to load resource: net::ERR_CONNECTION_REFUSED @ http://localhost:8501/_stcore/health:0
[ 1216862ms] [ERROR] Client Error in reaching server endpoint - No response received when attempting to reach /_stcore/health @ http://localhost:8501/static/js/index.dkY5s53S.js:182
[ 1216862ms] [ERROR] Failed to load resource: net::ERR_CONNECTION_REFUSED @ http://localhost:8501/_stcore/host-config:0
[ 1218867ms] [ERROR] Failed to load resource: net::ERR_CONNECTION_REFUSED @ http://localhost:8501/_stcore/health:0
[ 1218867ms] [ERROR] Client Error in reaching server endpoint - No response received when attempting to reach /_stcore/health @ http://localhost:8501/static/js/index.dkY5s53S.js:182
[ 1218868ms] [ERROR] Failed to load resource: net::ERR_CONNECTION_REFUSED @ http://localhost:8501/_stcore/host-config:0
[ 1220871ms] [ERROR] Failed to load resource: net::ERR_CONNECTION_REFUSED @ http://localhost:8501/_stcore/health:0
[ 1220871ms] [ERROR] Client Error in reaching server endpoint - No response received when attempting to reach /_stcore/health @ http://localhost:8501/static/js/index.dkY5s53S.js:182
[ 1220871ms] [ERROR] Failed to load resource: net::ERR_CONNECTION_REFUSED @ http://localhost:8501/_stcore/host-config:0
[ 1222873ms] [ERROR] Failed to load resource: net::ERR_CONNECTION_REFUSED @ http://localhost:8501/_stcore/health:0
[ 1222873ms] [ERROR] Client Error in reaching server endpoint - No response received when attempting to reach /_stcore/health @ http://localhost:8501/static/js/index.dkY5s53S.js:182
[ 1222873ms] [ERROR] Failed to load resource: net::ERR_CONNECTION_REFUSED @ http://localhost:8501/_stcore/host-config:0
[ 1224877ms] [ERROR] Failed to load resource: net::ERR_CONNECTION_REFUSED @ http://localhost:8501/_stcore/health:0
[ 1224877ms] [ERROR] Client Error in reaching server endpoint - No response received when attempting to reach /_stcore/health @ http://localhost:8501/static/js/index.dkY5s53S.js:182
[ 1224877ms] [ERROR] Failed to load resource: net::ERR_CONNECTION_REFUSED @ http://localhost:8501/_stcore/host-config:0
[ 1226882ms] [ERROR] Failed to load resource: net::ERR_CONNECTION_REFUSED @ http://localhost:8501/_stcore/health:0
[ 1226882ms] [ERROR] Client Error in reaching server endpoint - No response received when attempting to reach /_stcore/health @ http://localhost:8501/static/js/index.dkY5s53S.js:182
[ 1226883ms] [ERROR] Failed to load resource: net::ERR_CONNECTION_REFUSED @ http://localhost:8501/_stcore/host-config:0
[ 1228886ms] [ERROR] Failed to load resource: net::ERR_CONNECTION_REFUSED @ http://localhost:8501/_stcore/health:0
[ 1228886ms] [ERROR] Client Error in reaching server endpoint - No response received when attempting to reach /_stcore/health @ http://localhost:8501/static/js/index.dkY5s53S.js:182
[ 1228887ms] [ERROR] Failed to load resource: net::ERR_CONNECTION_REFUSED @ http://localhost:8501/_stcore/host-config:0
[ 1230890ms] [ERROR] Failed to load resource: net::ERR_CONNECTION_REFUSED @ http://localhost:8501/_stcore/health:0
[ 1230890ms] [ERROR] Client Error in reaching server endpoint - No response received when attempting to reach /_stcore/health @ http://localhost:8501/static/js/index.dkY5s53S.js:182
[ 1230890ms] [ERROR] Failed to load resource: net::ERR_CONNECTION_REFUSED @ http://localhost:8501/_stcore/host-config:0
[ 1232895ms] [ERROR] Failed to load resource: net::ERR_CONNECTION_REFUSED @ http://localhost:8501/_stcore/health:0
[ 1232895ms] [ERROR] Client Error in reaching server endpoint - No response received when attempting to reach /_stcore/health @ http://localhost:8501/static/js/index.dkY5s53S.js:182
[ 1232895ms] [ERROR] Failed to load resource: net::ERR_CONNECTION_REFUSED @ http://localhost:8501/_stcore/host-config:0
[ 1234898ms] [ERROR] Failed to load resource: net::ERR_CONNECTION_REFUSED @ http://localhost:8501/_stcore/health:0
[ 1234898ms] [ERROR] Client Error in reaching server endpoint - No response received when attempting to reach /_stcore/health @ http://localhost:8501/static/js/index.dkY5s53S.js:182
[ 1234898ms] [ERROR] Failed to load resource: net::ERR_CONNECTION_REFUSED @ http://localhost:8501/_stcore/host-config:0
[ 1236902ms] [ERROR] Failed to load resource: net::ERR_CONNECTION_REFUSED @ http://localhost:8501/_stcore/health:0
[ 1236902ms] [ERROR] Client Error in reaching server endpoint - No response received when attempting to reach /_stcore/health @ http://localhost:8501/static/js/index.dkY5s53S.js:182
[ 1236902ms] [ERROR] Failed to load resource: net::ERR_CONNECTION_REFUSED @ http://localhost:8501/_stcore/host-config:0
[ 1238907ms] [ERROR] Failed to load resource: net::ERR_CONNECTION_REFUSED @ http://localhost:8501/_stcore/health:0
[ 1238907ms] [ERROR] Client Error in reaching server endpoint - No response received when attempting to reach /_stcore/health @ http://localhost:8501/static/js/index.dkY5s53S.js:182
[ 1238907ms] [ERROR] Failed to load resource: net::ERR_CONNECTION_REFUSED @ http://localhost:8501/_stcore/host-config:0
[ 1240912ms] [ERROR] Failed to load resource: net::ERR_CONNECTION_REFUSED @ http://localhost:8501/_stcore/health:0
[ 1240912ms] [ERROR] Client Error in reaching server endpoint - No response received when attempting to reach /_stcore/health @ http://localhost:8501/static/js/index.dkY5s53S.js:182
[ 1240912ms] [ERROR] Failed to load resource: net::ERR_CONNECTION_REFUSED @ http://localhost:8501/_stcore/host-config:0
[ 1242916ms] [ERROR] Failed to load resource: net::ERR_CONNECTION_REFUSED @ http://localhost:8501/_stcore/health:0
[ 1242916ms] [ERROR] Client Error in reaching server endpoint - No response received when attempting to reach /_stcore/health @ http://localhost:8501/static/js/index.dkY5s53S.js:182
[ 1242916ms] [ERROR] Failed to load resource: net::ERR_CONNECTION_REFUSED @ http://localhost:8501/_stcore/host-config:0
[ 1244920ms] [ERROR] Failed to load resource: net::ERR_CONNECTION_REFUSED @ http://localhost:8501/_stcore/health:0
[ 1244920ms] [ERROR] Client Error in reaching server endpoint - No response received when attempting to reach /_stcore/health @ http://localhost:8501/static/js/index.dkY5s53S.js:182
[ 1244921ms] [ERROR] Failed to load resource: net::ERR_CONNECTION_REFUSED @ http://localhost:8501/_stcore/host-config:0
[ 1246924ms] [ERROR] Failed to load resource: net::ERR_CONNECTION_REFUSED @ http://localhost:8501/_stcore/health:0
[ 1246924ms] [ERROR] Client Error in reaching server endpoint - No response received when attempting to reach /_stcore/health @ http://localhost:8501/static/js/index.dkY5s53S.js:182
[ 1246924ms] [ERROR] Failed to load resource: net::ERR_CONNECTION_REFUSED @ http://localhost:8501/_stcore/host-config:0
[ 1248927ms] [ERROR] Failed to load resource: net::ERR_CONNECTION_REFUSED @ http://localhost:8501/_stcore/health:0
[ 1248928ms] [ERROR] Client Error in reaching server endpoint - No response received when attempting to reach /_stcore/health @ http://localhost:8501/static/js/index.dkY5s53S.js:182
[ 1248928ms] [ERROR] Failed to load resource: net::ERR_CONNECTION_REFUSED @ http://localhost:8501/_stcore/host-config:0
[ 1250932ms] [ERROR] Failed to load resource: net::ERR_CONNECTION_REFUSED @ http://localhost:8501/_stcore/health:0
[ 1250933ms] [ERROR] Client Error in reaching server endpoint - No response received when attempting to reach /_stcore/health @ http://localhost:8501/static/js/index.dkY5s53S.js:182
[ 1250933ms] [ERROR] Failed to load resource: net::ERR_CONNECTION_REFUSED @ http://localhost:8501/_stcore/host-config:0
[ 1252936ms] [ERROR] Failed to load resource: net::ERR_CONNECTION_REFUSED @ http://localhost:8501/_stcore/health:0
[ 1252936ms] [ERROR] Client Error in reaching server endpoint - No response received when attempting to reach /_stcore/health @ http://localhost:8501/static/js/index.dkY5s53S.js:182
[ 1252936ms] [ERROR] Failed to load resource: net::ERR_CONNECTION_REFUSED @ http://localhost:8501/_stcore/host-config:0
[ 1254939ms] [ERROR] Failed to load resource: net::ERR_CONNECTION_REFUSED @ http://localhost:8501/_stcore/health:0
[ 1254939ms] [ERROR] Client Error in reaching server endpoint - No response received when attempting to reach /_stcore/health @ http://localhost:8501/static/js/index.dkY5s53S.js:182
[ 1254940ms] [ERROR] Failed to load resource: net::ERR_CONNECTION_REFUSED @ http://localhost:8501/_stcore/host-config:0
[ 1256942ms] [ERROR] Failed to load resource: net::ERR_CONNECTION_REFUSED @ http://localhost:8501/_stcore/health:0
[ 1256943ms] [ERROR] Client Error in reaching server endpoint - No response received when attempting to reach /_stcore/health @ http://localhost:8501/static/js/index.dkY5s53S.js:182
[ 1256943ms] [ERROR] Failed to load resource: net::ERR_CONNECTION_REFUSED @ http://localhost:8501/_stcore/host-config:0
[ 1258946ms] [ERROR] Failed to load resource: net::ERR_CONNECTION_REFUSED @ http://localhost:8501/_stcore/health:0
[ 1258946ms] [ERROR] Client Error in reaching server endpoint - No response received when attempting to reach /_stcore/health @ http://localhost:8501/static/js/index.dkY5s53S.js:182
[ 1258946ms] [ERROR] Failed to load resource: net::ERR_CONNECTION_REFUSED @ http://localhost:8501/_stcore/host-config:0
[ 1260949ms] [ERROR] Failed to load resource: net::ERR_CONNECTION_REFUSED @ http://localhost:8501/_stcore/health:0
[ 1260949ms] [ERROR] Client Error in reaching server endpoint - No response received when attempting to reach /_stcore/health @ http://localhost:8501/static/js/index.dkY5s53S.js:182
[ 1260949ms] [ERROR] Failed to load resource: net::ERR_CONNECTION_REFUSED @ http://localhost:8501/_stcore/host-config:0
